scenario,state,year,nominal_GW,peak_GW,annual_TWh,source,boundary,status,range_note
hist,AK,2021,0,0,0,https://powering-intelligence.epri.com/dashboard/,small and large data centers plus cryptocurrency mining,historical model estimate,2024 source variation; future scenario assumptions; not confidence intervals
hist,AK,2022,0,0,0,https://powering-intelligence.epri.com/dashboard/,small and large data centers plus cryptocurrency mining,historical model estimate,2024 source variation; future scenario assumptions; not confidence intervals
hist,AK,2023,0,0,0,https://powering-intelligence.epri.com/dashboard/,small and large data centers plus cryptocurrency mining,historical model estimate,2024 source variation; future scenario assumptions; not confidence intervals
hist,AK,2024,0,0,0,https://powering-intelligence.epri.com/dashboard/,small and large data centers plus cryptocurrency mining,historical model estimate,2024 source variation; future scenario assumptions; not confidence intervals
hist,AL,2021,0.017,0.017,0.147,https://powering-intelligence.epri.com/dashboard/,small and large data centers plus cryptocurrency mining,historical model estimate,2024 source variation; future scenario assumptions; not confidence intervals
hist,AL,2022,0.167,0.127,0.842,https://powering-intelligence.epri.com/dashboard/,small and large data centers plus cryptocurrency mining,historical model estimate,2024 source variation; future scenario assumptions; not confidence intervals
hist,AL,2023,0.17,0.156,1.153,https://powering-intelligence.epri.com/dashboard/,small and large data centers plus cryptocurrency mining,historical model estimate,2024 source variation; future scenario assumptions; not confidence intervals
hist,AL,2024,0.353,0.2,1.693,https://powering-intelligence.epri.com/dashboard/,small and large data centers plus cryptocurrency mining,historical model estimate,2024 source variation; future scenario assumptions; not confidence intervals
hist,AR,2021,0,0,0,https://powering-intelligence.epri.com/dashboard/,small and large data centers plus cryptocurrency mining,historical model estimate,2024 source variation; future scenario assumptions; not confidence intervals
hist,AR,2022,0,0,0,https://powering-intelligence.epri.com/dashboard/,small and large data centers plus cryptocurrency mining,historical model estimate,2024 source variation; future scenario assumptions; not confidence intervals
hist,AR,2023,0,0,0,https://powering-intelligence.epri.com/dashboard/,small and large data centers plus cryptocurrency mining,historical model estimate,2024 source variation; future scenario assumptions; not confidence intervals
hist,AR,2024,0.011,0.002,0.018,https://powering-intelligence.epri.com/dashboard/,small and large data centers plus cryptocurrency mining,historical model estimate,2024 source variation; future scenario assumptions; not confidence intervals
hist,AZ,2021,0.472,0.467,3.941,https://powering-intelligence.epri.com/dashboard/,small and large data centers plus cryptocurrency mining,historical model estimate,2024 source variation; future scenario assumptions; not confidence intervals
hist,AZ,2022,0.652,0.578,4.741,https://powering-intelligence.epri.com/dashboard/,small and large data centers plus cryptocurrency mining,historical model estimate,2024 source variation; future scenario assumptions; not confidence intervals
hist,AZ,2023,0.74,0.627,5.227,https://powering-intelligence.epri.com/dashboard/,small and large data centers plus cryptocurrency mining,historical model estimate,2024 source variation; future scenario assumptions; not confidence intervals
hist,AZ,2024,1.864,0.877,7.396,https://powering-intelligence.epri.com/dashboard/,small and large data centers plus cryptocurrency mining,historical model estimate,2024 source variation; future scenario assumptions; not confidence intervals
hist,CA,2021,0.935,0.862,7.302,https://powering-intelligence.epri.com/dashboard/,small and large data centers plus cryptocurrency mining,historical model estimate,2024 source variation; future scenario assumptions; not confidence intervals
hist,CA,2022,1.064,0.93,7.798,https://powering-intelligence.epri.com/dashboard/,small and large data centers plus cryptocurrency mining,historical model estimate,2024 source variation; future scenario assumptions; not confidence intervals
hist,CA,2023,1.227,0.981,8.273,https://powering-intelligence.epri.com/dashboard/,small and large data centers plus cryptocurrency mining,historical model estimate,2024 source variation; future scenario assumptions; not confidence intervals
hist,CA,2024,1.496,1.069,9.058,https://powering-intelligence.epri.com/dashboard/,small and large data centers plus cryptocurrency mining,historical model estimate,2024 source variation; future scenario assumptions; not confidence intervals
hist,CO,2021,0.092,0.094,0.793,https://powering-intelligence.epri.com/dashboard/,small and large data centers plus cryptocurrency mining,historical model estimate,2024 source variation; future scenario assumptions; not confidence intervals
hist,CO,2022,0.248,0.194,1.428,https://powering-intelligence.epri.com/dashboard/,small and large data centers plus cryptocurrency mining,historical model estimate,2024 source variation; future scenario assumptions; not confidence intervals
hist,CO,2023,0.258,0.223,1.727,https://powering-intelligence.epri.com/dashboard/,small and large data centers plus cryptocurrency mining,historical model estimate,2024 source variation; future scenario assumptions; not confidence intervals
hist,CO,2024,0.241,0.232,1.956,https://powering-intelligence.epri.com/dashboard/,small and large data centers plus cryptocurrency mining,historical model estimate,2024 source variation; future scenario assumptions; not confidence intervals
hist,CT,2021,0.029,0.031,0.26,https://powering-intelligence.epri.com/dashboard/,small and large data centers plus cryptocurrency mining,historical model estimate,2024 source variation; future scenario assumptions; not confidence intervals
hist,CT,2022,0.03,0.031,0.265,https://powering-intelligence.epri.com/dashboard/,small and large data centers plus cryptocurrency mining,historical model estimate,2024 source variation; future scenario assumptions; not confidence intervals
hist,CT,2023,0.03,0.032,0.267,https://powering-intelligence.epri.com/dashboard/,small and large data centers plus cryptocurrency mining,historical model estimate,2024 source variation; future scenario assumptions; not confidence intervals
hist,CT,2024,0.029,0.032,0.269,https://powering-intelligence.epri.com/dashboard/,small and large data centers plus cryptocurrency mining,historical model estimate,2024 source variation; future scenario assumptions; not confidence intervals
hist,DE,2021,0,0,0,https://powering-intelligence.epri.com/dashboard/,small and large data centers plus cryptocurrency mining,historical model estimate,2024 source variation; future scenario assumptions; not confidence intervals
hist,DE,2022,0,0,0,https://powering-intelligence.epri.com/dashboard/,small and large data centers plus cryptocurrency mining,historical model estimate,2024 source variation; future scenario assumptions; not confidence intervals
hist,DE,2023,0,0,0,https://powering-intelligence.epri.com/dashboard/,small and large data centers plus cryptocurrency mining,historical model estimate,2024 source variation; future scenario assumptions; not confidence intervals
hist,DE,2024,0.014,0.003,0.022,https://powering-intelligence.epri.com/dashboard/,small and large data centers plus cryptocurrency mining,historical model estimate,2024 source variation; future scenario assumptions; not confidence intervals
hist,FL,2021,0.08,0.109,0.919,https://powering-intelligence.epri.com/dashboard/,small and large data centers plus cryptocurrency mining,historical model estimate,2024 source variation; future scenario assumptions; not confidence intervals
hist,FL,2022,0.097,0.122,0.996,https://powering-intelligence.epri.com/dashboard/,small and large data centers plus cryptocurrency mining,historical model estimate,2024 source variation; future scenario assumptions; not confidence intervals
hist,FL,2023,0.158,0.137,1.13,https://powering-intelligence.epri.com/dashboard/,small and large data centers plus cryptocurrency mining,historical model estimate,2024 source variation; future scenario assumptions; not confidence intervals
hist,FL,2024,0.188,0.155,1.303,https://powering-intelligence.epri.com/dashboard/,small and large data centers plus cryptocurrency mining,historical model estimate,2024 source variation; future scenario assumptions; not confidence intervals
hist,GA,2021,0.297,0.284,2.387,https://powering-intelligence.epri.com/dashboard/,small and large data centers plus cryptocurrency mining,historical model estimate,2024 source variation; future scenario assumptions; not confidence intervals
hist,GA,2022,0.789,0.574,4.477,https://powering-intelligence.epri.com/dashboard/,small and large data centers plus cryptocurrency mining,historical model estimate,2024 source variation; future scenario assumptions; not confidence intervals
hist,GA,2023,1.174,0.731,5.971,https://powering-intelligence.epri.com/dashboard/,small and large data centers plus cryptocurrency mining,historical model estimate,2024 source variation; future scenario assumptions; not confidence intervals
hist,GA,2024,1.774,0.958,8.054,https://powering-intelligence.epri.com/dashboard/,small and large data centers plus cryptocurrency mining,historical model estimate,2024 source variation; future scenario assumptions; not confidence intervals
hist,HI,2021,0.001,0.001,0.007,https://powering-intelligence.epri.com/dashboard/,small and large data centers plus cryptocurrency mining,historical model estimate,2024 source variation; future scenario assumptions; not confidence intervals
hist,HI,2022,0.001,0.001,0.009,https://powering-intelligence.epri.com/dashboard/,small and large data centers plus cryptocurrency mining,historical model estimate,2024 source variation; future scenario assumptions; not confidence intervals
hist,HI,2023,0.001,0.001,0.009,https://powering-intelligence.epri.com/dashboard/,small and large data centers plus cryptocurrency mining,historical model estimate,2024 source variation; future scenario assumptions; not confidence intervals
hist,HI,2024,0.008,0.002,0.021,https://powering-intelligence.epri.com/dashboard/,small and large data centers plus cryptocurrency mining,historical model estimate,2024 source variation; future scenario assumptions; not confidence intervals
hist,IA,2021,0.141,0.14,1.173,https://powering-intelligence.epri.com/dashboard/,small and large data centers plus cryptocurrency mining,historical model estimate,2024 source variation; future scenario assumptions; not confidence intervals
hist,IA,2022,0.707,0.519,3.907,https://powering-intelligence.epri.com/dashboard/,small and large data centers plus cryptocurrency mining,historical model estimate,2024 source variation; future scenario assumptions; not confidence intervals
hist,IA,2023,0.826,0.659,5.318,https://powering-intelligence.epri.com/dashboard/,small and large data centers plus cryptocurrency mining,historical model estimate,2024 source variation; future scenario assumptions; not confidence intervals
hist,IA,2024,1.698,0.94,7.894,https://powering-intelligence.epri.com/dashboard/,small and large data centers plus cryptocurrency mining,historical model estimate,2024 source variation; future scenario assumptions; not confidence intervals
hist,ID,2021,0.015,0.016,0.139,https://powering-intelligence.epri.com/dashboard/,small and large data centers plus cryptocurrency mining,historical model estimate,2024 source variation; future scenario assumptions; not confidence intervals
hist,ID,2022,0.017,0.018,0.146,https://powering-intelligence.epri.com/dashboard/,small and large data centers plus cryptocurrency mining,historical model estimate,2024 source variation; future scenario assumptions; not confidence intervals
hist,ID,2023,0.017,0.018,0.15,https://powering-intelligence.epri.com/dashboard/,small and large data centers plus cryptocurrency mining,historical model estimate,2024 source variation; future scenario assumptions; not confidence intervals
hist,ID,2024,0.089,0.031,0.265,https://powering-intelligence.epri.com/dashboard/,small and large data centers plus cryptocurrency mining,historical model estimate,2024 source variation; future scenario assumptions; not confidence intervals
hist,IL,2021,0.793,0.788,6.682,https://powering-intelligence.epri.com/dashboard/,small and large data centers plus cryptocurrency mining,historical model estimate,2024 source variation; future scenario assumptions; not confidence intervals
hist,IL,2022,0.985,0.918,7.506,https://powering-intelligence.epri.com/dashboard/,small and large data centers plus cryptocurrency mining,historical model estimate,2024 source variation; future scenario assumptions; not confidence intervals
hist,IL,2023,1.069,0.968,8.002,https://powering-intelligence.epri.com/dashboard/,small and large data centers plus cryptocurrency mining,historical model estimate,2024 source variation; future scenario assumptions; not confidence intervals
hist,IL,2024,1.602,1.085,9.186,https://powering-intelligence.epri.com/dashboard/,small and large data centers plus cryptocurrency mining,historical model estimate,2024 source variation; future scenario assumptions; not confidence intervals
hist,IN,2021,0.019,0.021,0.176,https://powering-intelligence.epri.com/dashboard/,small and large data centers plus cryptocurrency mining,historical model estimate,2024 source variation; future scenario assumptions; not confidence intervals
hist,IN,2022,0.022,0.022,0.187,https://powering-intelligence.epri.com/dashboard/,small and large data centers plus cryptocurrency mining,historical model estimate,2024 source variation; future scenario assumptions; not confidence intervals
hist,IN,2023,0.16,0.047,0.391,https://powering-intelligence.epri.com/dashboard/,small and large data centers plus cryptocurrency mining,historical model estimate,2024 source variation; future scenario assumptions; not confidence intervals
hist,IN,2024,0.292,0.097,0.82,https://powering-intelligence.epri.com/dashboard/,small and large data centers plus cryptocurrency mining,historical model estimate,2024 source variation; future scenario assumptions; not confidence intervals
hist,KS,2021,0.001,0.001,0.008,https://powering-intelligence.epri.com/dashboard/,small and large data centers plus cryptocurrency mining,historical model estimate,2024 source variation; future scenario assumptions; not confidence intervals
hist,KS,2022,0.001,0.001,0.008,https://powering-intelligence.epri.com/dashboard/,small and large data centers plus cryptocurrency mining,historical model estimate,2024 source variation; future scenario assumptions; not confidence intervals
hist,KS,2023,0.001,0.001,0.009,https://powering-intelligence.epri.com/dashboard/,small and large data centers plus cryptocurrency mining,historical model estimate,2024 source variation; future scenario assumptions; not confidence intervals
hist,KS,2024,0.044,0.009,0.08,https://powering-intelligence.epri.com/dashboard/,small and large data centers plus cryptocurrency mining,historical model estimate,2024 source variation; future scenario assumptions; not confidence intervals
hist,KY,2021,0.009,0.008,0.067,https://powering-intelligence.epri.com/dashboard/,small and large data centers plus cryptocurrency mining,historical model estimate,2024 source variation; future scenario assumptions; not confidence intervals
hist,KY,2022,0.15,0.089,0.647,https://powering-intelligence.epri.com/dashboard/,small and large data centers plus cryptocurrency mining,historical model estimate,2024 source variation; future scenario assumptions; not confidence intervals
hist,KY,2023,0.185,0.119,0.952,https://powering-intelligence.epri.com/dashboard/,small and large data centers plus cryptocurrency mining,historical model estimate,2024 source variation; future scenario assumptions; not confidence intervals
hist,KY,2024,0.375,0.174,1.46,https://powering-intelligence.epri.com/dashboard/,small and large data centers plus cryptocurrency mining,historical model estimate,2024 source variation; future scenario assumptions; not confidence intervals
hist,LA,2021,0.002,0.002,0.019,https://powering-intelligence.epri.com/dashboard/,small and large data centers plus cryptocurrency mining,historical model estimate,2024 source variation; future scenario assumptions; not confidence intervals
hist,LA,2022,0.007,0.006,0.042,https://powering-intelligence.epri.com/dashboard/,small and large data centers plus cryptocurrency mining,historical model estimate,2024 source variation; future scenario assumptions; not confidence intervals
hist,LA,2023,0.009,0.007,0.055,https://powering-intelligence.epri.com/dashboard/,small and large data centers plus cryptocurrency mining,historical model estimate,2024 source variation; future scenario assumptions; not confidence intervals
hist,LA,2024,0.009,0.008,0.067,https://powering-intelligence.epri.com/dashboard/,small and large data centers plus cryptocurrency mining,historical model estimate,2024 source variation; future scenario assumptions; not confidence intervals
hist,MA,2021,0.16,0.158,1.34,https://powering-intelligence.epri.com/dashboard/,small and large data centers plus cryptocurrency mining,historical model estimate,2024 source variation; future scenario assumptions; not confidence intervals
hist,MA,2022,0.16,0.158,1.34,https://powering-intelligence.epri.com/dashboard/,small and large data centers plus cryptocurrency mining,historical model estimate,2024 source variation; future scenario assumptions; not confidence intervals
hist,MA,2023,0.16,0.158,1.34,https://powering-intelligence.epri.com/dashboard/,small and large data centers plus cryptocurrency mining,historical model estimate,2024 source variation; future scenario assumptions; not confidence intervals
hist,MA,2024,0.171,0.16,1.358,https://powering-intelligence.epri.com/dashboard/,small and large data centers plus cryptocurrency mining,historical model estimate,2024 source variation; future scenario assumptions; not confidence intervals
hist,MD,2021,0.009,0.009,0.075,https://powering-intelligence.epri.com/dashboard/,small and large data centers plus cryptocurrency mining,historical model estimate,2024 source variation; future scenario assumptions; not confidence intervals
hist,MD,2022,0.011,0.01,0.085,https://powering-intelligence.epri.com/dashboard/,small and large data centers plus cryptocurrency mining,historical model estimate,2024 source variation; future scenario assumptions; not confidence intervals
hist,MD,2023,0.011,0.011,0.09,https://powering-intelligence.epri.com/dashboard/,small and large data centers plus cryptocurrency mining,historical model estimate,2024 source variation; future scenario assumptions; not confidence intervals
hist,MD,2024,0.063,0.021,0.179,https://powering-intelligence.epri.com/dashboard/,small and large data centers plus cryptocurrency mining,historical model estimate,2024 source variation; future scenario assumptions; not confidence intervals
hist,ME,2021,0,0,0,https://powering-intelligence.epri.com/dashboard/,small and large data centers plus cryptocurrency mining,historical model estimate,2024 source variation; future scenario assumptions; not confidence intervals
hist,ME,2022,0.003,0.002,0.014,https://powering-intelligence.epri.com/dashboard/,small and large data centers plus cryptocurrency mining,historical model estimate,2024 source variation; future scenario assumptions; not confidence intervals
hist,ME,2023,0.003,0.003,0.02,https://powering-intelligence.epri.com/dashboard/,small and large data centers plus cryptocurrency mining,historical model estimate,2024 source variation; future scenario assumptions; not confidence intervals
hist,ME,2024,0.002,0.003,0.024,https://powering-intelligence.epri.com/dashboard/,small and large data centers plus cryptocurrency mining,historical model estimate,2024 source variation; future scenario assumptions; not confidence intervals
hist,MI,2021,0.019,0.018,0.154,https://powering-intelligence.epri.com/dashboard/,small and large data centers plus cryptocurrency mining,historical model estimate,2024 source variation; future scenario assumptions; not confidence intervals
hist,MI,2022,0.021,0.019,0.161,https://powering-intelligence.epri.com/dashboard/,small and large data centers plus cryptocurrency mining,historical model estimate,2024 source variation; future scenario assumptions; not confidence intervals
hist,MI,2023,0.06,0.027,0.228,https://powering-intelligence.epri.com/dashboard/,small and large data centers plus cryptocurrency mining,historical model estimate,2024 source variation; future scenario assumptions; not confidence intervals
hist,MI,2024,0.097,0.042,0.354,https://powering-intelligence.epri.com/dashboard/,small and large data centers plus cryptocurrency mining,historical model estimate,2024 source variation; future scenario assumptions; not confidence intervals
hist,MN,2021,0.059,0.06,0.509,https://powering-intelligence.epri.com/dashboard/,small and large data centers plus cryptocurrency mining,historical model estimate,2024 source variation; future scenario assumptions; not confidence intervals
hist,MN,2022,0.059,0.06,0.509,https://powering-intelligence.epri.com/dashboard/,small and large data centers plus cryptocurrency mining,historical model estimate,2024 source variation; future scenario assumptions; not confidence intervals
hist,MN,2023,0.069,0.062,0.524,https://powering-intelligence.epri.com/dashboard/,small and large data centers plus cryptocurrency mining,historical model estimate,2024 source variation; future scenario assumptions; not confidence intervals
hist,MN,2024,0.106,0.072,0.612,https://powering-intelligence.epri.com/dashboard/,small and large data centers plus cryptocurrency mining,historical model estimate,2024 source variation; future scenario assumptions; not confidence intervals
hist,MO,2021,0.089,0.117,0.981,https://powering-intelligence.epri.com/dashboard/,small and large data centers plus cryptocurrency mining,historical model estimate,2024 source variation; future scenario assumptions; not confidence intervals
hist,MO,2022,0.111,0.131,1.074,https://powering-intelligence.epri.com/dashboard/,small and large data centers plus cryptocurrency mining,historical model estimate,2024 source variation; future scenario assumptions; not confidence intervals
hist,MO,2023,0.111,0.135,1.116,https://powering-intelligence.epri.com/dashboard/,small and large data centers plus cryptocurrency mining,historical model estimate,2024 source variation; future scenario assumptions; not confidence intervals
hist,MO,2024,0.224,0.156,1.31,https://powering-intelligence.epri.com/dashboard/,small and large data centers plus cryptocurrency mining,historical model estimate,2024 source variation; future scenario assumptions; not confidence intervals
hist,MS,2021,0,0,0,https://powering-intelligence.epri.com/dashboard/,small and large data centers plus cryptocurrency mining,historical model estimate,2024 source variation; future scenario assumptions; not confidence intervals
hist,MS,2022,0,0,0,https://powering-intelligence.epri.com/dashboard/,small and large data centers plus cryptocurrency mining,historical model estimate,2024 source variation; future scenario assumptions; not confidence intervals
hist,MS,2023,0,0,0,https://powering-intelligence.epri.com/dashboard/,small and large data centers plus cryptocurrency mining,historical model estimate,2024 source variation; future scenario assumptions; not confidence intervals
hist,MS,2024,0.046,0.009,0.075,https://powering-intelligence.epri.com/dashboard/,small and large data centers plus cryptocurrency mining,historical model estimate,2024 source variation; future scenario assumptions; not confidence intervals
hist,MT,2021,0,0,0,https://powering-intelligence.epri.com/dashboard/,small and large data centers plus cryptocurrency mining,historical model estimate,2024 source variation; future scenario assumptions; not confidence intervals
hist,MT,2022,0.066,0.048,0.308,https://powering-intelligence.epri.com/dashboard/,small and large data centers plus cryptocurrency mining,historical model estimate,2024 source variation; future scenario assumptions; not confidence intervals
hist,MT,2023,0.066,0.061,0.442,https://powering-intelligence.epri.com/dashboard/,small and large data centers plus cryptocurrency mining,historical model estimate,2024 source variation; future scenario assumptions; not confidence intervals
hist,MT,2024,0.106,0.07,0.596,https://powering-intelligence.epri.com/dashboard/,small and large data centers plus cryptocurrency mining,historical model estimate,2024 source variation; future scenario assumptions; not confidence intervals
hist,NC,2021,0.344,0.264,2.236,https://powering-intelligence.epri.com/dashboard/,small and large data centers plus cryptocurrency mining,historical model estimate,2024 source variation; future scenario assumptions; not confidence intervals
hist,NC,2022,0.491,0.345,2.82,https://powering-intelligence.epri.com/dashboard/,small and large data centers plus cryptocurrency mining,historical model estimate,2024 source variation; future scenario assumptions; not confidence intervals
hist,NC,2023,0.506,0.374,3.115,https://powering-intelligence.epri.com/dashboard/,small and large data centers plus cryptocurrency mining,historical model estimate,2024 source variation; future scenario assumptions; not confidence intervals
hist,NC,2024,0.746,0.439,3.704,https://powering-intelligence.epri.com/dashboard/,small and large data centers plus cryptocurrency mining,historical model estimate,2024 source variation; future scenario assumptions; not confidence intervals
hist,ND,2021,0.001,0.001,0.007,https://powering-intelligence.epri.com/dashboard/,small and large data centers plus cryptocurrency mining,historical model estimate,2024 source variation; future scenario assumptions; not confidence intervals
hist,ND,2022,0.101,0.055,0.394,https://powering-intelligence.epri.com/dashboard/,small and large data centers plus cryptocurrency mining,historical model estimate,2024 source variation; future scenario assumptions; not confidence intervals
hist,ND,2023,0.447,0.126,1.035,https://powering-intelligence.epri.com/dashboard/,small and large data centers plus cryptocurrency mining,historical model estimate,2024 source variation; future scenario assumptions; not confidence intervals
hist,ND,2024,0.64,0.229,1.931,https://powering-intelligence.epri.com/dashboard/,small and large data centers plus cryptocurrency mining,historical model estimate,2024 source variation; future scenario assumptions; not confidence intervals
hist,NE,2021,0.052,0.053,0.442,https://powering-intelligence.epri.com/dashboard/,small and large data centers plus cryptocurrency mining,historical model estimate,2024 source variation; future scenario assumptions; not confidence intervals
hist,NE,2022,0.352,0.245,1.84,https://powering-intelligence.epri.com/dashboard/,small and large data centers plus cryptocurrency mining,historical model estimate,2024 source variation; future scenario assumptions; not confidence intervals
hist,NE,2023,0.806,0.394,3.219,https://powering-intelligence.epri.com/dashboard/,small and large data centers plus cryptocurrency mining,historical model estimate,2024 source variation; future scenario assumptions; not confidence intervals
hist,NE,2024,1.021,0.567,4.788,https://powering-intelligence.epri.com/dashboard/,small and large data centers plus cryptocurrency mining,historical model estimate,2024 source variation; future scenario assumptions; not confidence intervals
hist,NH,2021,0.002,0.002,0.017,https://powering-intelligence.epri.com/dashboard/,small and large data centers plus cryptocurrency mining,historical model estimate,2024 source variation; future scenario assumptions; not confidence intervals
hist,NH,2022,0.002,0.002,0.017,https://powering-intelligence.epri.com/dashboard/,small and large data centers plus cryptocurrency mining,historical model estimate,2024 source variation; future scenario assumptions; not confidence intervals
hist,NH,2023,0.002,0.002,0.017,https://powering-intelligence.epri.com/dashboard/,small and large data centers plus cryptocurrency mining,historical model estimate,2024 source variation; future scenario assumptions; not confidence intervals
hist,NH,2024,0.004,0.002,0.019,https://powering-intelligence.epri.com/dashboard/,small and large data centers plus cryptocurrency mining,historical model estimate,2024 source variation; future scenario assumptions; not confidence intervals
hist,NJ,2021,0.41,0.427,3.619,https://powering-intelligence.epri.com/dashboard/,small and large data centers plus cryptocurrency mining,historical model estimate,2024 source variation; future scenario assumptions; not confidence intervals
hist,NJ,2022,0.41,0.427,3.619,https://powering-intelligence.epri.com/dashboard/,small and large data centers plus cryptocurrency mining,historical model estimate,2024 source variation; future scenario assumptions; not confidence intervals
hist,NJ,2023,0.555,0.461,3.903,https://powering-intelligence.epri.com/dashboard/,small and large data centers plus cryptocurrency mining,historical model estimate,2024 source variation; future scenario assumptions; not confidence intervals
hist,NJ,2024,0.547,0.494,4.187,https://powering-intelligence.epri.com/dashboard/,small and large data centers plus cryptocurrency mining,historical model estimate,2024 source variation; future scenario assumptions; not confidence intervals
hist,NM,2021,0.036,0.036,0.306,https://powering-intelligence.epri.com/dashboard/,small and large data centers plus cryptocurrency mining,historical model estimate,2024 source variation; future scenario assumptions; not confidence intervals
hist,NM,2022,0.046,0.043,0.348,https://powering-intelligence.epri.com/dashboard/,small and large data centers plus cryptocurrency mining,historical model estimate,2024 source variation; future scenario assumptions; not confidence intervals
hist,NM,2023,0.046,0.045,0.368,https://powering-intelligence.epri.com/dashboard/,small and large data centers plus cryptocurrency mining,historical model estimate,2024 source variation; future scenario assumptions; not confidence intervals
hist,NM,2024,0.393,0.117,0.98,https://powering-intelligence.epri.com/dashboard/,small and large data centers plus cryptocurrency mining,historical model estimate,2024 source variation; future scenario assumptions; not confidence intervals
hist,NV,2021,0.487,0.432,3.663,https://powering-intelligence.epri.com/dashboard/,small and large data centers plus cryptocurrency mining,historical model estimate,2024 source variation; future scenario assumptions; not confidence intervals
hist,NV,2022,0.606,0.5,4.093,https://powering-intelligence.epri.com/dashboard/,small and large data centers plus cryptocurrency mining,historical model estimate,2024 source variation; future scenario assumptions; not confidence intervals
hist,NV,2023,0.613,0.519,4.297,https://powering-intelligence.epri.com/dashboard/,small and large data centers plus cryptocurrency mining,historical model estimate,2024 source variation; future scenario assumptions; not confidence intervals
hist,NV,2024,0.866,0.578,4.891,https://powering-intelligence.epri.com/dashboard/,small and large data centers plus cryptocurrency mining,historical model estimate,2024 source variation; future scenario assumptions; not confidence intervals
hist,NY,2021,0.217,0.22,1.85,https://powering-intelligence.epri.com/dashboard/,small and large data centers plus cryptocurrency mining,historical model estimate,2024 source variation; future scenario assumptions; not confidence intervals
hist,NY,2022,0.308,0.276,2.255,https://powering-intelligence.epri.com/dashboard/,small and large data centers plus cryptocurrency mining,historical model estimate,2024 source variation; future scenario assumptions; not confidence intervals
hist,NY,2023,0.633,0.348,2.892,https://powering-intelligence.epri.com/dashboard/,small and large data centers plus cryptocurrency mining,historical model estimate,2024 source variation; future scenario assumptions; not confidence intervals
hist,NY,2024,1.085,0.511,4.296,https://powering-intelligence.epri.com/dashboard/,small and large data centers plus cryptocurrency mining,historical model estimate,2024 source variation; future scenario assumptions; not confidence intervals
hist,OH,2021,0.183,0.176,1.48,https://powering-intelligence.epri.com/dashboard/,small and large data centers plus cryptocurrency mining,historical model estimate,2024 source variation; future scenario assumptions; not confidence intervals
hist,OH,2022,0.396,0.316,2.486,https://powering-intelligence.epri.com/dashboard/,small and large data centers plus cryptocurrency mining,historical model estimate,2024 source variation; future scenario assumptions; not confidence intervals
hist,OH,2023,1.17,0.494,4.059,https://powering-intelligence.epri.com/dashboard/,small and large data centers plus cryptocurrency mining,historical model estimate,2024 source variation; future scenario assumptions; not confidence intervals
hist,OH,2024,2.104,0.812,6.823,https://powering-intelligence.epri.com/dashboard/,small and large data centers plus cryptocurrency mining,historical model estimate,2024 source variation; future scenario assumptions; not confidence intervals
hist,OK,2021,0.033,0.034,0.287,https://powering-intelligence.epri.com/dashboard/,small and large data centers plus cryptocurrency mining,historical model estimate,2024 source variation; future scenario assumptions; not confidence intervals
hist,OK,2022,0.12,0.093,0.66,https://powering-intelligence.epri.com/dashboard/,small and large data centers plus cryptocurrency mining,historical model estimate,2024 source variation; future scenario assumptions; not confidence intervals
hist,OK,2023,0.14,0.114,0.871,https://powering-intelligence.epri.com/dashboard/,small and large data centers plus cryptocurrency mining,historical model estimate,2024 source variation; future scenario assumptions; not confidence intervals
hist,OK,2024,0.745,0.233,1.96,https://powering-intelligence.epri.com/dashboard/,small and large data centers plus cryptocurrency mining,historical model estimate,2024 source variation; future scenario assumptions; not confidence intervals
hist,OR,2021,0.203,0.185,1.557,https://powering-intelligence.epri.com/dashboard/,small and large data centers plus cryptocurrency mining,historical model estimate,2024 source variation; future scenario assumptions; not confidence intervals
hist,OR,2022,0.741,0.578,4.39,https://powering-intelligence.epri.com/dashboard/,small and large data centers plus cryptocurrency mining,historical model estimate,2024 source variation; future scenario assumptions; not confidence intervals
hist,OR,2023,1.602,0.844,6.854,https://powering-intelligence.epri.com/dashboard/,small and large data centers plus cryptocurrency mining,historical model estimate,2024 source variation; future scenario assumptions; not confidence intervals
hist,OR,2024,2.982,1.308,11.005,https://powering-intelligence.epri.com/dashboard/,small and large data centers plus cryptocurrency mining,historical model estimate,2024 source variation; future scenario assumptions; not confidence intervals
hist,PA,2021,0.041,0.043,0.358,https://powering-intelligence.epri.com/dashboard/,small and large data centers plus cryptocurrency mining,historical model estimate,2024 source variation; future scenario assumptions; not confidence intervals
hist,PA,2022,0.222,0.146,1.1,https://powering-intelligence.epri.com/dashboard/,small and large data centers plus cryptocurrency mining,historical model estimate,2024 source variation; future scenario assumptions; not confidence intervals
hist,PA,2023,0.524,0.231,1.88,https://powering-intelligence.epri.com/dashboard/,small and large data centers plus cryptocurrency mining,historical model estimate,2024 source variation; future scenario assumptions; not confidence intervals
hist,PA,2024,0.631,0.325,2.728,https://powering-intelligence.epri.com/dashboard/,small and large data centers plus cryptocurrency mining,historical model estimate,2024 source variation; future scenario assumptions; not confidence intervals
hist,RI,2021,0.001,0.001,0.006,https://powering-intelligence.epri.com/dashboard/,small and large data centers plus cryptocurrency mining,historical model estimate,2024 source variation; future scenario assumptions; not confidence intervals
hist,RI,2022,0.002,0.002,0.012,https://powering-intelligence.epri.com/dashboard/,small and large data centers plus cryptocurrency mining,historical model estimate,2024 source variation; future scenario assumptions; not confidence intervals
hist,RI,2023,0.002,0.002,0.014,https://powering-intelligence.epri.com/dashboard/,small and large data centers plus cryptocurrency mining,historical model estimate,2024 source variation; future scenario assumptions; not confidence intervals
hist,RI,2024,0.003,0.002,0.017,https://powering-intelligence.epri.com/dashboard/,small and large data centers plus cryptocurrency mining,historical model estimate,2024 source variation; future scenario assumptions; not confidence intervals
hist,SC,2021,0.079,0.069,0.576,https://powering-intelligence.epri.com/dashboard/,small and large data centers plus cryptocurrency mining,historical model estimate,2024 source variation; future scenario assumptions; not confidence intervals
hist,SC,2022,0.146,0.107,0.851,https://powering-intelligence.epri.com/dashboard/,small and large data centers plus cryptocurrency mining,historical model estimate,2024 source variation; future scenario assumptions; not confidence intervals
hist,SC,2023,0.231,0.133,1.1,https://powering-intelligence.epri.com/dashboard/,small and large data centers plus cryptocurrency mining,historical model estimate,2024 source variation; future scenario assumptions; not confidence intervals
hist,SC,2024,0.551,0.212,1.781,https://powering-intelligence.epri.com/dashboard/,small and large data centers plus cryptocurrency mining,historical model estimate,2024 source variation; future scenario assumptions; not confidence intervals
hist,SD,2021,0.008,0.009,0.073,https://powering-intelligence.epri.com/dashboard/,small and large data centers plus cryptocurrency mining,historical model estimate,2024 source variation; future scenario assumptions; not confidence intervals
hist,SD,2022,0.008,0.009,0.076,https://powering-intelligence.epri.com/dashboard/,small and large data centers plus cryptocurrency mining,historical model estimate,2024 source variation; future scenario assumptions; not confidence intervals
hist,SD,2023,0.008,0.009,0.077,https://powering-intelligence.epri.com/dashboard/,small and large data centers plus cryptocurrency mining,historical model estimate,2024 source variation; future scenario assumptions; not confidence intervals
hist,SD,2024,0.03,0.013,0.114,https://powering-intelligence.epri.com/dashboard/,small and large data centers plus cryptocurrency mining,historical model estimate,2024 source variation; future scenario assumptions; not confidence intervals
hist,TN,2021,0.025,0.025,0.207,https://powering-intelligence.epri.com/dashboard/,small and large data centers plus cryptocurrency mining,historical model estimate,2024 source variation; future scenario assumptions; not confidence intervals
hist,TN,2022,0.091,0.06,0.459,https://powering-intelligence.epri.com/dashboard/,small and large data centers plus cryptocurrency mining,historical model estimate,2024 source variation; future scenario assumptions; not confidence intervals
hist,TN,2023,0.264,0.105,0.866,https://powering-intelligence.epri.com/dashboard/,small and large data centers plus cryptocurrency mining,historical model estimate,2024 source variation; future scenario assumptions; not confidence intervals
hist,TN,2024,0.755,0.235,1.97,https://powering-intelligence.epri.com/dashboard/,small and large data centers plus cryptocurrency mining,historical model estimate,2024 source variation; future scenario assumptions; not confidence intervals
hist,TX,2021,1.415,1.474,16.757,https://powering-intelligence.epri.com/dashboard/,small and large data centers plus cryptocurrency mining,historical model estimate,2024 source variation; future scenario assumptions; not confidence intervals
hist,TX,2022,2.222,2.015,20.398,https://powering-intelligence.epri.com/dashboard/,small and large data centers plus cryptocurrency mining,historical model estimate,2024 source variation; future scenario assumptions; not confidence intervals
hist,TX,2023,5.159,2.681,25.532,https://powering-intelligence.epri.com/dashboard/,small and large data centers plus cryptocurrency mining,historical model estimate,2024 source variation; future scenario assumptions; not confidence intervals
hist,TX,2024,7.315,3.649,33.539,https://powering-intelligence.epri.com/dashboard/,small and large data centers plus cryptocurrency mining,historical model estimate,2024 source variation; future scenario assumptions; not confidence intervals
hist,US,2021,10.466,10.314,91.396,https://powering-intelligence.epri.com/dashboard/,small and large data centers plus cryptocurrency mining,historical model estimate,2024 source variation; future scenario assumptions; not confidence intervals
hist,US,2022,16.037,13.921,116.366,https://powering-intelligence.epri.com/dashboard/,small and large data centers plus cryptocurrency mining,historical model estimate,2024 source variation; future scenario assumptions; not confidence intervals
hist,US,2023,25.547,16.664,140.845,https://powering-intelligence.epri.com/dashboard/,small and large data centers plus cryptocurrency mining,historical model estimate,2024 source variation; future scenario assumptions; not confidence intervals
hist,US,2024,39.773,21.515,184.203,https://powering-intelligence.epri.com/dashboard/,small and large data centers plus cryptocurrency mining,historical model estimate,2024 source variation; future scenario assumptions; not confidence intervals
hist,UT,2021,0.207,0.215,1.813,https://powering-intelligence.epri.com/dashboard/,small and large data centers plus cryptocurrency mining,historical model estimate,2024 source variation; future scenario assumptions; not confidence intervals
hist,UT,2022,0.382,0.328,2.52,https://powering-intelligence.epri.com/dashboard/,small and large data centers plus cryptocurrency mining,historical model estimate,2024 source variation; future scenario assumptions; not confidence intervals
hist,UT,2023,0.382,0.358,2.838,https://powering-intelligence.epri.com/dashboard/,small and large data centers plus cryptocurrency mining,historical model estimate,2024 source variation; future scenario assumptions; not confidence intervals
hist,UT,2024,0.497,0.389,3.27,https://powering-intelligence.epri.com/dashboard/,small and large data centers plus cryptocurrency mining,historical model estimate,2024 source variation; future scenario assumptions; not confidence intervals
hist,VA,2021,2.701,2.718,22.926,https://powering-intelligence.epri.com/dashboard/,small and large data centers plus cryptocurrency mining,historical model estimate,2024 source variation; future scenario assumptions; not confidence intervals
hist,VA,2022,3.194,3.051,25.173,https://powering-intelligence.epri.com/dashboard/,small and large data centers plus cryptocurrency mining,historical model estimate,2024 source variation; future scenario assumptions; not confidence intervals
hist,VA,2023,4.694,3.418,28.471,https://powering-intelligence.epri.com/dashboard/,small and large data centers plus cryptocurrency mining,historical model estimate,2024 source variation; future scenario assumptions; not confidence intervals
hist,VA,2024,6.367,4.023,33.947,https://powering-intelligence.epri.com/dashboard/,small and large data centers plus cryptocurrency mining,historical model estimate,2024 source variation; future scenario assumptions; not confidence intervals
hist,VT,2021,0,0,0,https://powering-intelligence.epri.com/dashboard/,small and large data centers plus cryptocurrency mining,historical model estimate,2024 source variation; future scenario assumptions; not confidence intervals
hist,VT,2022,0,0,0,https://powering-intelligence.epri.com/dashboard/,small and large data centers plus cryptocurrency mining,historical model estimate,2024 source variation; future scenario assumptions; not confidence intervals
hist,VT,2023,0,0,0,https://powering-intelligence.epri.com/dashboard/,small and large data centers plus cryptocurrency mining,historical model estimate,2024 source variation; future scenario assumptions; not confidence intervals
hist,VT,2024,0.002,0,0.003,https://powering-intelligence.epri.com/dashboard/,small and large data centers plus cryptocurrency mining,historical model estimate,2024 source variation; future scenario assumptions; not confidence intervals
hist,WA,2021,0.561,0.551,4.632,https://powering-intelligence.epri.com/dashboard/,small and large data centers plus cryptocurrency mining,historical model estimate,2024 source variation; future scenario assumptions; not confidence intervals
hist,WA,2022,0.605,0.586,4.857,https://powering-intelligence.epri.com/dashboard/,small and large data centers plus cryptocurrency mining,historical model estimate,2024 source variation; future scenario assumptions; not confidence intervals
hist,WA,2023,1.027,0.662,5.516,https://powering-intelligence.epri.com/dashboard/,small and large data centers plus cryptocurrency mining,historical model estimate,2024 source variation; future scenario assumptions; not confidence intervals
hist,WA,2024,1.163,0.753,6.342,https://powering-intelligence.epri.com/dashboard/,small and large data centers plus cryptocurrency mining,historical model estimate,2024 source variation; future scenario assumptions; not confidence intervals
hist,WI,2021,0.01,0.009,0.08,https://powering-intelligence.epri.com/dashboard/,small and large data centers plus cryptocurrency mining,historical model estimate,2024 source variation; future scenario assumptions; not confidence intervals
hist,WI,2022,0.012,0.011,0.09,https://powering-intelligence.epri.com/dashboard/,small and large data centers plus cryptocurrency mining,historical model estimate,2024 source variation; future scenario assumptions; not confidence intervals
hist,WI,2023,0.019,0.013,0.105,https://powering-intelligence.epri.com/dashboard/,small and large data centers plus cryptocurrency mining,historical model estimate,2024 source variation; future scenario assumptions; not confidence intervals
hist,WI,2024,0.083,0.027,0.228,https://powering-intelligence.epri.com/dashboard/,small and large data centers plus cryptocurrency mining,historical model estimate,2024 source variation; future scenario assumptions; not confidence intervals
hist,WV,2021,0,0,0,https://powering-intelligence.epri.com/dashboard/,small and large data centers plus cryptocurrency mining,historical model estimate,2024 source variation; future scenario assumptions; not confidence intervals
hist,WV,2022,0,0,0,https://powering-intelligence.epri.com/dashboard/,small and large data centers plus cryptocurrency mining,historical model estimate,2024 source variation; future scenario assumptions; not confidence intervals
hist,WV,2023,0,0,0,https://powering-intelligence.epri.com/dashboard/,small and large data centers plus cryptocurrency mining,historical model estimate,2024 source variation; future scenario assumptions; not confidence intervals
hist,WV,2024,0,0,0,https://powering-intelligence.epri.com/dashboard/,small and large data centers plus cryptocurrency mining,historical model estimate,2024 source variation; future scenario assumptions; not confidence intervals
hist,WY,2021,0.212,0.167,1.419,https://powering-intelligence.epri.com/dashboard/,small and large data centers plus cryptocurrency mining,historical model estimate,2024 source variation; future scenario assumptions; not confidence intervals
hist,WY,2022,0.212,0.167,1.419,https://powering-intelligence.epri.com/dashboard/,small and large data centers plus cryptocurrency mining,historical model estimate,2024 source variation; future scenario assumptions; not confidence intervals
hist,WY,2023,0.212,0.167,1.419,https://powering-intelligence.epri.com/dashboard/,small and large data centers plus cryptocurrency mining,historical model estimate,2024 source variation; future scenario assumptions; not confidence intervals
hist,WY,2024,0.341,0.19,1.608,https://powering-intelligence.epri.com/dashboard/,small and large data centers plus cryptocurrency mining,historical model estimate,2024 source variation; future scenario assumptions; not confidence intervals
low,AK,2024,0,0,0,https://powering-intelligence.epri.com/dashboard/,small and large data centers plus cryptocurrency mining,historical model estimate,2024 source variation; future scenario assumptions; not confidence intervals
low,AK,2025,0,0,0,https://powering-intelligence.epri.com/dashboard/,small and large data centers plus cryptocurrency mining,conditional projection,2024 source variation; future scenario assumptions; not confidence intervals
low,AK,2026,0,0,0,https://powering-intelligence.epri.com/dashboard/,small and large data centers plus cryptocurrency mining,conditional projection,2024 source variation; future scenario assumptions; not confidence intervals
low,AK,2027,0,0,0,https://powering-intelligence.epri.com/dashboard/,small and large data centers plus cryptocurrency mining,conditional projection,2024 source variation; future scenario assumptions; not confidence intervals
low,AK,2028,0,0,0.001,https://powering-intelligence.epri.com/dashboard/,small and large data centers plus cryptocurrency mining,conditional projection,2024 source variation; future scenario assumptions; not confidence intervals
low,AK,2029,0,0,0.001,https://powering-intelligence.epri.com/dashboard/,small and large data centers plus cryptocurrency mining,conditional projection,2024 source variation; future scenario assumptions; not confidence intervals
low,AK,2030,0,0,0.001,https://powering-intelligence.epri.com/dashboard/,small and large data centers plus cryptocurrency mining,conditional projection,2024 source variation; future scenario assumptions; not confidence intervals
low,AL,2024,0.315,0.193,1.629,https://powering-intelligence.epri.com/dashboard/,small and large data centers plus cryptocurrency mining,historical model estimate,2024 source variation; future scenario assumptions; not confidence intervals
low,AL,2025,0.338,0.227,1.921,https://powering-intelligence.epri.com/dashboard/,small and large data centers plus cryptocurrency mining,conditional projection,2024 source variation; future scenario assumptions; not confidence intervals
low,AL,2026,0.361,0.267,2.252,https://powering-intelligence.epri.com/dashboard/,small and large data centers plus cryptocurrency mining,conditional projection,2024 source variation; future scenario assumptions; not confidence intervals
low,AL,2027,0.384,0.311,2.619,https://powering-intelligence.epri.com/dashboard/,small and large data centers plus cryptocurrency mining,conditional projection,2024 source variation; future scenario assumptions; not confidence intervals
low,AL,2028,0.407,0.358,3.017,https://powering-intelligence.epri.com/dashboard/,small and large data centers plus cryptocurrency mining,conditional projection,2024 source variation; future scenario assumptions; not confidence intervals
low,AL,2029,0.431,0.38,3.202,https://powering-intelligence.epri.com/dashboard/,small and large data centers plus cryptocurrency mining,conditional projection,2024 source variation; future scenario assumptions; not confidence intervals
low,AL,2030,0.454,0.401,3.381,https://powering-intelligence.epri.com/dashboard/,small and large data centers plus cryptocurrency mining,conditional projection,2024 source variation; future scenario assumptions; not confidence intervals
low,AR,2024,0.008,0.001,0.012,https://powering-intelligence.epri.com/dashboard/,small and large data centers plus cryptocurrency mining,historical model estimate,2024 source variation; future scenario assumptions; not confidence intervals
low,AR,2025,0.008,0.003,0.025,https://powering-intelligence.epri.com/dashboard/,small and large data centers plus cryptocurrency mining,conditional projection,2024 source variation; future scenario assumptions; not confidence intervals
low,AR,2026,0.008,0.004,0.037,https://powering-intelligence.epri.com/dashboard/,small and large data centers plus cryptocurrency mining,conditional projection,2024 source variation; future scenario assumptions; not confidence intervals
low,AR,2027,0.008,0.006,0.05,https://powering-intelligence.epri.com/dashboard/,small and large data centers plus cryptocurrency mining,conditional projection,2024 source variation; future scenario assumptions; not confidence intervals
low,AR,2028,0.008,0.007,0.062,https://powering-intelligence.epri.com/dashboard/,small and large data centers plus cryptocurrency mining,conditional projection,2024 source variation; future scenario assumptions; not confidence intervals
low,AR,2029,0.008,0.007,0.062,https://powering-intelligence.epri.com/dashboard/,small and large data centers plus cryptocurrency mining,conditional projection,2024 source variation; future scenario assumptions; not confidence intervals
low,AR,2030,0.008,0.007,0.062,https://powering-intelligence.epri.com/dashboard/,small and large data centers plus cryptocurrency mining,conditional projection,2024 source variation; future scenario assumptions; not confidence intervals
low,AZ,2024,1.657,0.837,7.066,https://powering-intelligence.epri.com/dashboard/,small and large data centers plus cryptocurrency mining,historical model estimate,2024 source variation; future scenario assumptions; not confidence intervals
low,AZ,2025,1.803,1.055,8.9,https://powering-intelligence.epri.com/dashboard/,small and large data centers plus cryptocurrency mining,conditional projection,2024 source variation; future scenario assumptions; not confidence intervals
low,AZ,2026,1.95,1.297,10.946,https://powering-intelligence.epri.com/dashboard/,small and large data centers plus cryptocurrency mining,conditional projection,2024 source variation; future scenario assumptions; not confidence intervals
low,AZ,2027,2.097,1.564,13.199,https://powering-intelligence.epri.com/dashboard/,small and large data centers plus cryptocurrency mining,conditional projection,2024 source variation; future scenario assumptions; not confidence intervals
low,AZ,2028,2.244,1.839,15.517,https://powering-intelligence.epri.com/dashboard/,small and large data centers plus cryptocurrency mining,conditional projection,2024 source variation; future scenario assumptions; not confidence intervals
low,AZ,2029,2.39,1.964,16.578,https://powering-intelligence.epri.com/dashboard/,small and large data centers plus cryptocurrency mining,conditional projection,2024 source variation; future scenario assumptions; not confidence intervals
low,AZ,2030,2.537,2.085,17.6,https://powering-intelligence.epri.com/dashboard/,small and large data centers plus cryptocurrency mining,conditional projection,2024 source variation; future scenario assumptions; not confidence intervals
low,CA,2024,1.28,1.033,8.758,https://powering-intelligence.epri.com/dashboard/,small and large data centers plus cryptocurrency mining,historical model estimate,2024 source variation; future scenario assumptions; not confidence intervals
low,CA,2025,1.314,1.078,9.134,https://powering-intelligence.epri.com/dashboard/,small and large data centers plus cryptocurrency mining,conditional projection,2024 source variation; future scenario assumptions; not confidence intervals
low,CA,2026,1.349,1.128,9.562,https://powering-intelligence.epri.com/dashboard/,small and large data centers plus cryptocurrency mining,conditional projection,2024 source variation; future scenario assumptions; not confidence intervals
low,CA,2027,1.384,1.185,10.039,https://powering-intelligence.epri.com/dashboard/,small and large data centers plus cryptocurrency mining,conditional projection,2024 source variation; future scenario assumptions; not confidence intervals
low,CA,2028,1.419,1.216,10.307,https://powering-intelligence.epri.com/dashboard/,small and large data centers plus cryptocurrency mining,conditional projection,2024 source variation; future scenario assumptions; not confidence intervals
low,CA,2029,1.454,1.245,10.549,https://powering-intelligence.epri.com/dashboard/,small and large data centers plus cryptocurrency mining,conditional projection,2024 source variation; future scenario assumptions; not confidence intervals
low,CA,2030,1.489,1.274,10.793,https://powering-intelligence.epri.com/dashboard/,small and large data centers plus cryptocurrency mining,conditional projection,2024 source variation; future scenario assumptions; not confidence intervals
low,CO,2024,0.17,0.232,1.956,https://powering-intelligence.epri.com/dashboard/,small and large data centers plus cryptocurrency mining,historical model estimate,2024 source variation; future scenario assumptions; not confidence intervals
low,CO,2025,0.27,0.236,1.993,https://powering-intelligence.epri.com/dashboard/,small and large data centers plus cryptocurrency mining,conditional projection,2024 source variation; future scenario assumptions; not confidence intervals
low,CO,2026,0.283,0.242,2.045,https://powering-intelligence.epri.com/dashboard/,small and large data centers plus cryptocurrency mining,conditional projection,2024 source variation; future scenario assumptions; not confidence intervals
low,CO,2027,0.295,0.25,2.112,https://powering-intelligence.epri.com/dashboard/,small and large data centers plus cryptocurrency mining,conditional projection,2024 source variation; future scenario assumptions; not confidence intervals
low,CO,2028,0.308,0.258,2.179,https://powering-intelligence.epri.com/dashboard/,small and large data centers plus cryptocurrency mining,conditional projection,2024 source variation; future scenario assumptions; not confidence intervals
low,CO,2029,0.32,0.268,2.261,https://powering-intelligence.epri.com/dashboard/,small and large data centers plus cryptocurrency mining,conditional projection,2024 source variation; future scenario assumptions; not confidence intervals
low,CO,2030,0.332,0.277,2.34,https://powering-intelligence.epri.com/dashboard/,small and large data centers plus cryptocurrency mining,conditional projection,2024 source variation; future scenario assumptions; not confidence intervals
low,CT,2024,0.028,0.032,0.269,https://powering-intelligence.epri.com/dashboard/,small and large data centers plus cryptocurrency mining,historical model estimate,2024 source variation; future scenario assumptions; not confidence intervals
low,CT,2025,0.052,0.036,0.304,https://powering-intelligence.epri.com/dashboard/,small and large data centers plus cryptocurrency mining,conditional projection,2024 source variation; future scenario assumptions; not confidence intervals
low,CT,2026,0.074,0.044,0.372,https://powering-intelligence.epri.com/dashboard/,small and large data centers plus cryptocurrency mining,conditional projection,2024 source variation; future scenario assumptions; not confidence intervals
low,CT,2027,0.096,0.056,0.471,https://powering-intelligence.epri.com/dashboard/,small and large data centers plus cryptocurrency mining,conditional projection,2024 source variation; future scenario assumptions; not confidence intervals
low,CT,2028,0.118,0.071,0.602,https://powering-intelligence.epri.com/dashboard/,small and large data centers plus cryptocurrency mining,conditional projection,2024 source variation; future scenario assumptions; not confidence intervals
low,CT,2029,0.14,0.09,0.765,https://powering-intelligence.epri.com/dashboard/,small and large data centers plus cryptocurrency mining,conditional projection,2024 source variation; future scenario assumptions; not confidence intervals
low,CT,2030,0.162,0.109,0.924,https://powering-intelligence.epri.com/dashboard/,small and large data centers plus cryptocurrency mining,conditional projection,2024 source variation; future scenario assumptions; not confidence intervals
low,DE,2024,0.01,0.002,0.016,https://powering-intelligence.epri.com/dashboard/,small and large data centers plus cryptocurrency mining,historical model estimate,2024 source variation; future scenario assumptions; not confidence intervals
low,DE,2025,0.01,0.004,0.033,https://powering-intelligence.epri.com/dashboard/,small and large data centers plus cryptocurrency mining,conditional projection,2024 source variation; future scenario assumptions; not confidence intervals
low,DE,2026,0.01,0.006,0.049,https://powering-intelligence.epri.com/dashboard/,small and large data centers plus cryptocurrency mining,conditional projection,2024 source variation; future scenario assumptions; not confidence intervals
low,DE,2027,0.01,0.008,0.066,https://powering-intelligence.epri.com/dashboard/,small and large data centers plus cryptocurrency mining,conditional projection,2024 source variation; future scenario assumptions; not confidence intervals
low,DE,2028,0.01,0.01,0.082,https://powering-intelligence.epri.com/dashboard/,small and large data centers plus cryptocurrency mining,conditional projection,2024 source variation; future scenario assumptions; not confidence intervals
low,DE,2029,0.01,0.01,0.082,https://powering-intelligence.epri.com/dashboard/,small and large data centers plus cryptocurrency mining,conditional projection,2024 source variation; future scenario assumptions; not confidence intervals
low,DE,2030,0.01,0.01,0.082,https://powering-intelligence.epri.com/dashboard/,small and large data centers plus cryptocurrency mining,conditional projection,2024 source variation; future scenario assumptions; not confidence intervals
low,FL,2024,0.184,0.154,1.297,https://powering-intelligence.epri.com/dashboard/,small and large data centers plus cryptocurrency mining,historical model estimate,2024 source variation; future scenario assumptions; not confidence intervals
low,FL,2025,0.211,0.176,1.479,https://powering-intelligence.epri.com/dashboard/,small and large data centers plus cryptocurrency mining,conditional projection,2024 source variation; future scenario assumptions; not confidence intervals
low,FL,2026,0.237,0.202,1.699,https://powering-intelligence.epri.com/dashboard/,small and large data centers plus cryptocurrency mining,conditional projection,2024 source variation; future scenario assumptions; not confidence intervals
low,FL,2027,0.263,0.232,1.958,https://powering-intelligence.epri.com/dashboard/,small and large data centers plus cryptocurrency mining,conditional projection,2024 source variation; future scenario assumptions; not confidence intervals
low,FL,2028,0.29,0.255,2.155,https://powering-intelligence.epri.com/dashboard/,small and large data centers plus cryptocurrency mining,conditional projection,2024 source variation; future scenario assumptions; not confidence intervals
low,FL,2029,0.316,0.279,2.351,https://powering-intelligence.epri.com/dashboard/,small and large data centers plus cryptocurrency mining,conditional projection,2024 source variation; future scenario assumptions; not confidence intervals
low,FL,2030,0.342,0.301,2.542,https://powering-intelligence.epri.com/dashboard/,small and large data centers plus cryptocurrency mining,conditional projection,2024 source variation; future scenario assumptions; not confidence intervals
low,GA,2024,1.505,0.91,7.65,https://powering-intelligence.epri.com/dashboard/,small and large data centers plus cryptocurrency mining,historical model estimate,2024 source variation; future scenario assumptions; not confidence intervals
low,GA,2025,1.757,1.086,9.127,https://powering-intelligence.epri.com/dashboard/,small and large data centers plus cryptocurrency mining,conditional projection,2024 source variation; future scenario assumptions; not confidence intervals
low,GA,2026,2.008,1.305,10.98,https://powering-intelligence.epri.com/dashboard/,small and large data centers plus cryptocurrency mining,conditional projection,2024 source variation; future scenario assumptions; not confidence intervals
low,GA,2027,2.259,1.568,13.2,https://powering-intelligence.epri.com/dashboard/,small and large data centers plus cryptocurrency mining,conditional projection,2024 source variation; future scenario assumptions; not confidence intervals
low,GA,2028,2.511,1.801,15.17,https://powering-intelligence.epri.com/dashboard/,small and large data centers plus cryptocurrency mining,conditional projection,2024 source variation; future scenario assumptions; not confidence intervals
low,GA,2029,2.762,2.016,16.989,https://powering-intelligence.epri.com/dashboard/,small and large data centers plus cryptocurrency mining,conditional projection,2024 source variation; future scenario assumptions; not confidence intervals
low,GA,2030,3.014,2.227,18.77,https://powering-intelligence.epri.com/dashboard/,small and large data centers plus cryptocurrency mining,conditional projection,2024 source variation; future scenario assumptions; not confidence intervals
low,HI,2024,0.007,0.002,0.02,https://powering-intelligence.epri.com/dashboard/,small and large data centers plus cryptocurrency mining,historical model estimate,2024 source variation; future scenario assumptions; not confidence intervals
low,HI,2025,0.007,0.003,0.029,https://powering-intelligence.epri.com/dashboard/,small and large data centers plus cryptocurrency mining,conditional projection,2024 source variation; future scenario assumptions; not confidence intervals
low,HI,2026,0.007,0.005,0.039,https://powering-intelligence.epri.com/dashboard/,small and large data centers plus cryptocurrency mining,conditional projection,2024 source variation; future scenario assumptions; not confidence intervals
low,HI,2027,0.007,0.006,0.049,https://powering-intelligence.epri.com/dashboard/,small and large data centers plus cryptocurrency mining,conditional projection,2024 source variation; future scenario assumptions; not confidence intervals
low,HI,2028,0.007,0.007,0.059,https://powering-intelligence.epri.com/dashboard/,small and large data centers plus cryptocurrency mining,conditional projection,2024 source variation; future scenario assumptions; not confidence intervals
low,HI,2029,0.007,0.007,0.06,https://powering-intelligence.epri.com/dashboard/,small and large data centers plus cryptocurrency mining,conditional projection,2024 source variation; future scenario assumptions; not confidence intervals
low,HI,2030,0.007,0.007,0.06,https://powering-intelligence.epri.com/dashboard/,small and large data centers plus cryptocurrency mining,conditional projection,2024 source variation; future scenario assumptions; not confidence intervals
low,IA,2024,1.53,0.906,7.609,https://powering-intelligence.epri.com/dashboard/,small and large data centers plus cryptocurrency mining,historical model estimate,2024 source variation; future scenario assumptions; not confidence intervals
low,IA,2025,1.53,1.073,9.01,https://powering-intelligence.epri.com/dashboard/,small and large data centers plus cryptocurrency mining,conditional projection,2024 source variation; future scenario assumptions; not confidence intervals
low,IA,2026,1.53,1.24,10.41,https://powering-intelligence.epri.com/dashboard/,small and large data centers plus cryptocurrency mining,conditional projection,2024 source variation; future scenario assumptions; not confidence intervals
low,IA,2027,1.53,1.406,11.811,https://powering-intelligence.epri.com/dashboard/,small and large data centers plus cryptocurrency mining,conditional projection,2024 source variation; future scenario assumptions; not confidence intervals
low,IA,2028,1.53,1.549,13.008,https://powering-intelligence.epri.com/dashboard/,small and large data centers plus cryptocurrency mining,conditional projection,2024 source variation; future scenario assumptions; not confidence intervals
low,IA,2029,1.53,1.549,13.008,https://powering-intelligence.epri.com/dashboard/,small and large data centers plus cryptocurrency mining,conditional projection,2024 source variation; future scenario assumptions; not confidence intervals
low,IA,2030,1.53,1.549,13.008,https://powering-intelligence.epri.com/dashboard/,small and large data centers plus cryptocurrency mining,conditional projection,2024 source variation; future scenario assumptions; not confidence intervals
low,ID,2024,0.069,0.028,0.234,https://powering-intelligence.epri.com/dashboard/,small and large data centers plus cryptocurrency mining,historical model estimate,2024 source variation; future scenario assumptions; not confidence intervals
low,ID,2025,0.106,0.045,0.376,https://powering-intelligence.epri.com/dashboard/,small and large data centers plus cryptocurrency mining,conditional projection,2024 source variation; future scenario assumptions; not confidence intervals
low,ID,2026,0.143,0.068,0.574,https://powering-intelligence.epri.com/dashboard/,small and large data centers plus cryptocurrency mining,conditional projection,2024 source variation; future scenario assumptions; not confidence intervals
low,ID,2027,0.18,0.098,0.827,https://powering-intelligence.epri.com/dashboard/,small and large data centers plus cryptocurrency mining,conditional projection,2024 source variation; future scenario assumptions; not confidence intervals
low,ID,2028,0.216,0.134,1.133,https://powering-intelligence.epri.com/dashboard/,small and large data centers plus cryptocurrency mining,conditional projection,2024 source variation; future scenario assumptions; not confidence intervals
low,ID,2029,0.253,0.167,1.408,https://powering-intelligence.epri.com/dashboard/,small and large data centers plus cryptocurrency mining,conditional projection,2024 source variation; future scenario assumptions; not confidence intervals
low,ID,2030,0.29,0.198,1.674,https://powering-intelligence.epri.com/dashboard/,small and large data centers plus cryptocurrency mining,conditional projection,2024 source variation; future scenario assumptions; not confidence intervals
low,IL,2024,1.359,1.042,8.824,https://powering-intelligence.epri.com/dashboard/,small and large data centers plus cryptocurrency mining,historical model estimate,2024 source variation; future scenario assumptions; not confidence intervals
low,IL,2025,1.432,1.122,9.498,https://powering-intelligence.epri.com/dashboard/,small and large data centers plus cryptocurrency mining,conditional projection,2024 source variation; future scenario assumptions; not confidence intervals
low,IL,2026,1.505,1.214,10.278,https://powering-intelligence.epri.com/dashboard/,small and large data centers plus cryptocurrency mining,conditional projection,2024 source variation; future scenario assumptions; not confidence intervals
low,IL,2027,1.578,1.319,11.16,https://powering-intelligence.epri.com/dashboard/,small and large data centers plus cryptocurrency mining,conditional projection,2024 source variation; future scenario assumptions; not confidence intervals
low,IL,2028,1.651,1.42,12.005,https://powering-intelligence.epri.com/dashboard/,small and large data centers plus cryptocurrency mining,conditional projection,2024 source variation; future scenario assumptions; not confidence intervals
low,IL,2029,1.724,1.48,12.519,https://powering-intelligence.epri.com/dashboard/,small and large data centers plus cryptocurrency mining,conditional projection,2024 source variation; future scenario assumptions; not confidence intervals
low,IL,2030,1.797,1.54,13.025,https://powering-intelligence.epri.com/dashboard/,small and large data centers plus cryptocurrency mining,conditional projection,2024 source variation; future scenario assumptions; not confidence intervals
low,IN,2024,0.236,0.086,0.725,https://powering-intelligence.epri.com/dashboard/,small and large data centers plus cryptocurrency mining,historical model estimate,2024 source variation; future scenario assumptions; not confidence intervals
low,IN,2025,0.543,0.188,1.579,https://powering-intelligence.epri.com/dashboard/,small and large data centers plus cryptocurrency mining,conditional projection,2024 source variation; future scenario assumptions; not confidence intervals
low,IN,2026,0.85,0.345,2.899,https://powering-intelligence.epri.com/dashboard/,small and large data centers plus cryptocurrency mining,conditional projection,2024 source variation; future scenario assumptions; not confidence intervals
low,IN,2027,1.158,0.556,4.676,https://powering-intelligence.epri.com/dashboard/,small and large data centers plus cryptocurrency mining,conditional projection,2024 source variation; future scenario assumptions; not confidence intervals
low,IN,2028,1.465,0.797,6.701,https://powering-intelligence.epri.com/dashboard/,small and large data centers plus cryptocurrency mining,conditional projection,2024 source variation; future scenario assumptions; not confidence intervals
low,IN,2029,1.772,1.073,9.032,https://powering-intelligence.epri.com/dashboard/,small and large data centers plus cryptocurrency mining,conditional projection,2024 source variation; future scenario assumptions; not confidence intervals
low,IN,2030,2.079,1.339,11.266,https://powering-intelligence.epri.com/dashboard/,small and large data centers plus cryptocurrency mining,conditional projection,2024 source variation; future scenario assumptions; not confidence intervals
low,KS,2024,0.037,0.008,0.069,https://powering-intelligence.epri.com/dashboard/,small and large data centers plus cryptocurrency mining,historical model estimate,2024 source variation; future scenario assumptions; not confidence intervals
low,KS,2025,0.037,0.015,0.128,https://powering-intelligence.epri.com/dashboard/,small and large data centers plus cryptocurrency mining,conditional projection,2024 source variation; future scenario assumptions; not confidence intervals
low,KS,2026,0.037,0.022,0.188,https://powering-intelligence.epri.com/dashboard/,small and large data centers plus cryptocurrency mining,conditional projection,2024 source variation; future scenario assumptions; not confidence intervals
low,KS,2027,0.037,0.029,0.247,https://powering-intelligence.epri.com/dashboard/,small and large data centers plus cryptocurrency mining,conditional projection,2024 source variation; future scenario assumptions; not confidence intervals
low,KS,2028,0.037,0.036,0.307,https://powering-intelligence.epri.com/dashboard/,small and large data centers plus cryptocurrency mining,conditional projection,2024 source variation; future scenario assumptions; not confidence intervals
low,KS,2029,0.037,0.036,0.307,https://powering-intelligence.epri.com/dashboard/,small and large data centers plus cryptocurrency mining,conditional projection,2024 source variation; future scenario assumptions; not confidence intervals
low,KS,2030,0.037,0.036,0.307,https://powering-intelligence.epri.com/dashboard/,small and large data centers plus cryptocurrency mining,conditional projection,2024 source variation; future scenario assumptions; not confidence intervals
low,KY,2024,0.353,0.17,1.429,https://powering-intelligence.epri.com/dashboard/,small and large data centers plus cryptocurrency mining,historical model estimate,2024 source variation; future scenario assumptions; not confidence intervals
low,KY,2025,0.363,0.207,1.738,https://powering-intelligence.epri.com/dashboard/,small and large data centers plus cryptocurrency mining,conditional projection,2024 source variation; future scenario assumptions; not confidence intervals
low,KY,2026,0.372,0.245,2.062,https://powering-intelligence.epri.com/dashboard/,small and large data centers plus cryptocurrency mining,conditional projection,2024 source variation; future scenario assumptions; not confidence intervals
low,KY,2027,0.381,0.286,2.4,https://powering-intelligence.epri.com/dashboard/,small and large data centers plus cryptocurrency mining,conditional projection,2024 source variation; future scenario assumptions; not confidence intervals
low,KY,2028,0.39,0.322,2.701,https://powering-intelligence.epri.com/dashboard/,small and large data centers plus cryptocurrency mining,conditional projection,2024 source variation; future scenario assumptions; not confidence intervals
low,KY,2029,0.399,0.33,2.773,https://powering-intelligence.epri.com/dashboard/,small and large data centers plus cryptocurrency mining,conditional projection,2024 source variation; future scenario assumptions; not confidence intervals
low,KY,2030,0.408,0.338,2.843,https://powering-intelligence.epri.com/dashboard/,small and large data centers plus cryptocurrency mining,conditional projection,2024 source variation; future scenario assumptions; not confidence intervals
low,LA,2024,0.009,0.008,0.067,https://powering-intelligence.epri.com/dashboard/,small and large data centers plus cryptocurrency mining,historical model estimate,2024 source variation; future scenario assumptions; not confidence intervals
low,LA,2025,0.143,0.034,0.288,https://powering-intelligence.epri.com/dashboard/,small and large data centers plus cryptocurrency mining,conditional projection,2024 source variation; future scenario assumptions; not confidence intervals
low,LA,2026,0.276,0.09,0.758,https://powering-intelligence.epri.com/dashboard/,small and large data centers plus cryptocurrency mining,conditional projection,2024 source variation; future scenario assumptions; not confidence intervals
low,LA,2027,0.409,0.173,1.463,https://powering-intelligence.epri.com/dashboard/,small and large data centers plus cryptocurrency mining,conditional projection,2024 source variation; future scenario assumptions; not confidence intervals
low,LA,2028,0.543,0.283,2.385,https://powering-intelligence.epri.com/dashboard/,small and large data centers plus cryptocurrency mining,conditional projection,2024 source variation; future scenario assumptions; not confidence intervals
low,LA,2029,0.676,0.417,3.513,https://powering-intelligence.epri.com/dashboard/,small and large data centers plus cryptocurrency mining,conditional projection,2024 source variation; future scenario assumptions; not confidence intervals
low,LA,2030,0.809,0.549,4.617,https://powering-intelligence.epri.com/dashboard/,small and large data centers plus cryptocurrency mining,conditional projection,2024 source variation; future scenario assumptions; not confidence intervals
low,MA,2024,0.159,0.158,1.34,https://powering-intelligence.epri.com/dashboard/,small and large data centers plus cryptocurrency mining,historical model estimate,2024 source variation; future scenario assumptions; not confidence intervals
low,MA,2025,0.16,0.158,1.34,https://powering-intelligence.epri.com/dashboard/,small and large data centers plus cryptocurrency mining,conditional projection,2024 source variation; future scenario assumptions; not confidence intervals
low,MA,2026,0.16,0.158,1.34,https://powering-intelligence.epri.com/dashboard/,small and large data centers plus cryptocurrency mining,conditional projection,2024 source variation; future scenario assumptions; not confidence intervals
low,MA,2027,0.16,0.158,1.34,https://powering-intelligence.epri.com/dashboard/,small and large data centers plus cryptocurrency mining,conditional projection,2024 source variation; future scenario assumptions; not confidence intervals
low,MA,2028,0.16,0.158,1.34,https://powering-intelligence.epri.com/dashboard/,small and large data centers plus cryptocurrency mining,conditional projection,2024 source variation; future scenario assumptions; not confidence intervals
low,MA,2029,0.16,0.158,1.34,https://powering-intelligence.epri.com/dashboard/,small and large data centers plus cryptocurrency mining,conditional projection,2024 source variation; future scenario assumptions; not confidence intervals
low,MA,2030,0.16,0.158,1.34,https://powering-intelligence.epri.com/dashboard/,small and large data centers plus cryptocurrency mining,conditional projection,2024 source variation; future scenario assumptions; not confidence intervals
low,MD,2024,0.06,0.02,0.173,https://powering-intelligence.epri.com/dashboard/,small and large data centers plus cryptocurrency mining,historical model estimate,2024 source variation; future scenario assumptions; not confidence intervals
low,MD,2025,0.141,0.045,0.385,https://powering-intelligence.epri.com/dashboard/,small and large data centers plus cryptocurrency mining,conditional projection,2024 source variation; future scenario assumptions; not confidence intervals
low,MD,2026,0.222,0.084,0.711,https://powering-intelligence.epri.com/dashboard/,small and large data centers plus cryptocurrency mining,conditional projection,2024 source variation; future scenario assumptions; not confidence intervals
low,MD,2027,0.303,0.136,1.151,https://powering-intelligence.epri.com/dashboard/,small and large data centers plus cryptocurrency mining,conditional projection,2024 source variation; future scenario assumptions; not confidence intervals
low,MD,2028,0.384,0.201,1.703,https://powering-intelligence.epri.com/dashboard/,small and large data centers plus cryptocurrency mining,conditional projection,2024 source variation; future scenario assumptions; not confidence intervals
low,MD,2029,0.466,0.27,2.286,https://powering-intelligence.epri.com/dashboard/,small and large data centers plus cryptocurrency mining,conditional projection,2024 source variation; future scenario assumptions; not confidence intervals
low,MD,2030,0.547,0.336,2.845,https://powering-intelligence.epri.com/dashboard/,small and large data centers plus cryptocurrency mining,conditional projection,2024 source variation; future scenario assumptions; not confidence intervals
low,ME,2024,0.002,0.003,0.024,https://powering-intelligence.epri.com/dashboard/,small and large data centers plus cryptocurrency mining,historical model estimate,2024 source variation; future scenario assumptions; not confidence intervals
low,ME,2025,0.003,0.003,0.024,https://powering-intelligence.epri.com/dashboard/,small and large data centers plus cryptocurrency mining,conditional projection,2024 source variation; future scenario assumptions; not confidence intervals
low,ME,2026,0.003,0.003,0.024,https://powering-intelligence.epri.com/dashboard/,small and large data centers plus cryptocurrency mining,conditional projection,2024 source variation; future scenario assumptions; not confidence intervals
low,ME,2027,0.003,0.003,0.024,https://powering-intelligence.epri.com/dashboard/,small and large data centers plus cryptocurrency mining,conditional projection,2024 source variation; future scenario assumptions; not confidence intervals
low,ME,2028,0.003,0.003,0.024,https://powering-intelligence.epri.com/dashboard/,small and large data centers plus cryptocurrency mining,conditional projection,2024 source variation; future scenario assumptions; not confidence intervals
low,ME,2029,0.003,0.003,0.024,https://powering-intelligence.epri.com/dashboard/,small and large data centers plus cryptocurrency mining,conditional projection,2024 source variation; future scenario assumptions; not confidence intervals
low,ME,2030,0.003,0.003,0.024,https://powering-intelligence.epri.com/dashboard/,small and large data centers plus cryptocurrency mining,conditional projection,2024 source variation; future scenario assumptions; not confidence intervals
low,MI,2024,0.09,0.041,0.344,https://powering-intelligence.epri.com/dashboard/,small and large data centers plus cryptocurrency mining,historical model estimate,2024 source variation; future scenario assumptions; not confidence intervals
low,MI,2025,0.095,0.055,0.464,https://powering-intelligence.epri.com/dashboard/,small and large data centers plus cryptocurrency mining,conditional projection,2024 source variation; future scenario assumptions; not confidence intervals
low,MI,2026,0.099,0.07,0.592,https://powering-intelligence.epri.com/dashboard/,small and large data centers plus cryptocurrency mining,conditional projection,2024 source variation; future scenario assumptions; not confidence intervals
low,MI,2027,0.104,0.086,0.725,https://powering-intelligence.epri.com/dashboard/,small and large data centers plus cryptocurrency mining,conditional projection,2024 source variation; future scenario assumptions; not confidence intervals
low,MI,2028,0.109,0.095,0.802,https://powering-intelligence.epri.com/dashboard/,small and large data centers plus cryptocurrency mining,conditional projection,2024 source variation; future scenario assumptions; not confidence intervals
low,MI,2029,0.113,0.099,0.836,https://powering-intelligence.epri.com/dashboard/,small and large data centers plus cryptocurrency mining,conditional projection,2024 source variation; future scenario assumptions; not confidence intervals
low,MI,2030,0.118,0.103,0.869,https://powering-intelligence.epri.com/dashboard/,small and large data centers plus cryptocurrency mining,conditional projection,2024 source variation; future scenario assumptions; not confidence intervals
low,MN,2024,0.087,0.068,0.575,https://powering-intelligence.epri.com/dashboard/,small and large data centers plus cryptocurrency mining,historical model estimate,2024 source variation; future scenario assumptions; not confidence intervals
low,MN,2025,0.115,0.08,0.681,https://powering-intelligence.epri.com/dashboard/,small and large data centers plus cryptocurrency mining,conditional projection,2024 source variation; future scenario assumptions; not confidence intervals
low,MN,2026,0.144,0.098,0.833,https://powering-intelligence.epri.com/dashboard/,small and large data centers plus cryptocurrency mining,conditional projection,2024 source variation; future scenario assumptions; not confidence intervals
low,MN,2027,0.172,0.122,1.029,https://powering-intelligence.epri.com/dashboard/,small and large data centers plus cryptocurrency mining,conditional projection,2024 source variation; future scenario assumptions; not confidence intervals
low,MN,2028,0.2,0.148,1.254,https://powering-intelligence.epri.com/dashboard/,small and large data centers plus cryptocurrency mining,conditional projection,2024 source variation; future scenario assumptions; not confidence intervals
low,MN,2029,0.228,0.176,1.485,https://powering-intelligence.epri.com/dashboard/,small and large data centers plus cryptocurrency mining,conditional projection,2024 source variation; future scenario assumptions; not confidence intervals
low,MN,2030,0.256,0.202,1.702,https://powering-intelligence.epri.com/dashboard/,small and large data centers plus cryptocurrency mining,conditional projection,2024 source variation; future scenario assumptions; not confidence intervals
low,MO,2024,0.205,0.153,1.283,https://powering-intelligence.epri.com/dashboard/,small and large data centers plus cryptocurrency mining,historical model estimate,2024 source variation; future scenario assumptions; not confidence intervals
low,MO,2025,0.231,0.173,1.458,https://powering-intelligence.epri.com/dashboard/,small and large data centers plus cryptocurrency mining,conditional projection,2024 source variation; future scenario assumptions; not confidence intervals
low,MO,2026,0.256,0.198,1.669,https://powering-intelligence.epri.com/dashboard/,small and large data centers plus cryptocurrency mining,conditional projection,2024 source variation; future scenario assumptions; not confidence intervals
low,MO,2027,0.282,0.228,1.918,https://powering-intelligence.epri.com/dashboard/,small and large data centers plus cryptocurrency mining,conditional projection,2024 source variation; future scenario assumptions; not confidence intervals
low,MO,2028,0.308,0.262,2.204,https://powering-intelligence.epri.com/dashboard/,small and large data centers plus cryptocurrency mining,conditional projection,2024 source variation; future scenario assumptions; not confidence intervals
low,MO,2029,0.333,0.285,2.394,https://powering-intelligence.epri.com/dashboard/,small and large data centers plus cryptocurrency mining,conditional projection,2024 source variation; future scenario assumptions; not confidence intervals
low,MO,2030,0.359,0.307,2.579,https://powering-intelligence.epri.com/dashboard/,small and large data centers plus cryptocurrency mining,conditional projection,2024 source variation; future scenario assumptions; not confidence intervals
low,MS,2024,0.031,0.006,0.05,https://powering-intelligence.epri.com/dashboard/,small and large data centers plus cryptocurrency mining,historical model estimate,2024 source variation; future scenario assumptions; not confidence intervals
low,MS,2025,0.126,0.03,0.25,https://powering-intelligence.epri.com/dashboard/,small and large data centers plus cryptocurrency mining,conditional projection,2024 source variation; future scenario assumptions; not confidence intervals
low,MS,2026,0.221,0.071,0.6,https://powering-intelligence.epri.com/dashboard/,small and large data centers plus cryptocurrency mining,conditional projection,2024 source variation; future scenario assumptions; not confidence intervals
low,MS,2027,0.316,0.13,1.095,https://powering-intelligence.epri.com/dashboard/,small and large data centers plus cryptocurrency mining,conditional projection,2024 source variation; future scenario assumptions; not confidence intervals
low,MS,2028,0.411,0.206,1.733,https://powering-intelligence.epri.com/dashboard/,small and large data centers plus cryptocurrency mining,conditional projection,2024 source variation; future scenario assumptions; not confidence intervals
low,MS,2029,0.507,0.293,2.461,https://powering-intelligence.epri.com/dashboard/,small and large data centers plus cryptocurrency mining,conditional projection,2024 source variation; future scenario assumptions; not confidence intervals
low,MS,2030,0.602,0.378,3.175,https://powering-intelligence.epri.com/dashboard/,small and large data centers plus cryptocurrency mining,conditional projection,2024 source variation; future scenario assumptions; not confidence intervals
low,MT,2024,0.096,0.069,0.582,https://powering-intelligence.epri.com/dashboard/,small and large data centers plus cryptocurrency mining,historical model estimate,2024 source variation; future scenario assumptions; not confidence intervals
low,MT,2025,0.096,0.074,0.624,https://powering-intelligence.epri.com/dashboard/,small and large data centers plus cryptocurrency mining,conditional projection,2024 source variation; future scenario assumptions; not confidence intervals
low,MT,2026,0.096,0.079,0.667,https://powering-intelligence.epri.com/dashboard/,small and large data centers plus cryptocurrency mining,conditional projection,2024 source variation; future scenario assumptions; not confidence intervals
low,MT,2027,0.096,0.084,0.71,https://powering-intelligence.epri.com/dashboard/,small and large data centers plus cryptocurrency mining,conditional projection,2024 source variation; future scenario assumptions; not confidence intervals
low,MT,2028,0.096,0.089,0.753,https://powering-intelligence.epri.com/dashboard/,small and large data centers plus cryptocurrency mining,conditional projection,2024 source variation; future scenario assumptions; not confidence intervals
low,MT,2029,0.096,0.089,0.753,https://powering-intelligence.epri.com/dashboard/,small and large data centers plus cryptocurrency mining,conditional projection,2024 source variation; future scenario assumptions; not confidence intervals
low,MT,2030,0.096,0.089,0.753,https://powering-intelligence.epri.com/dashboard/,small and large data centers plus cryptocurrency mining,conditional projection,2024 source variation; future scenario assumptions; not confidence intervals
low,NC,2024,0.605,0.414,3.5,https://powering-intelligence.epri.com/dashboard/,small and large data centers plus cryptocurrency mining,historical model estimate,2024 source variation; future scenario assumptions; not confidence intervals
low,NC,2025,0.687,0.451,3.813,https://powering-intelligence.epri.com/dashboard/,small and large data centers plus cryptocurrency mining,conditional projection,2024 source variation; future scenario assumptions; not confidence intervals
low,NC,2026,0.769,0.502,4.241,https://powering-intelligence.epri.com/dashboard/,small and large data centers plus cryptocurrency mining,conditional projection,2024 source variation; future scenario assumptions; not confidence intervals
low,NC,2027,0.85,0.567,4.784,https://powering-intelligence.epri.com/dashboard/,small and large data centers plus cryptocurrency mining,conditional projection,2024 source variation; future scenario assumptions; not confidence intervals
low,NC,2028,0.932,0.641,5.409,https://powering-intelligence.epri.com/dashboard/,small and large data centers plus cryptocurrency mining,conditional projection,2024 source variation; future scenario assumptions; not confidence intervals
low,NC,2029,1.014,0.711,5.999,https://powering-intelligence.epri.com/dashboard/,small and large data centers plus cryptocurrency mining,conditional projection,2024 source variation; future scenario assumptions; not confidence intervals
low,NC,2030,1.096,0.776,6.558,https://powering-intelligence.epri.com/dashboard/,small and large data centers plus cryptocurrency mining,conditional projection,2024 source variation; future scenario assumptions; not confidence intervals
low,ND,2024,0.603,0.223,1.877,https://powering-intelligence.epri.com/dashboard/,small and large data centers plus cryptocurrency mining,historical model estimate,2024 source variation; future scenario assumptions; not confidence intervals
low,ND,2025,0.624,0.308,2.592,https://powering-intelligence.epri.com/dashboard/,small and large data centers plus cryptocurrency mining,conditional projection,2024 source variation; future scenario assumptions; not confidence intervals
low,ND,2026,0.645,0.396,3.337,https://powering-intelligence.epri.com/dashboard/,small and large data centers plus cryptocurrency mining,conditional projection,2024 source variation; future scenario assumptions; not confidence intervals
low,ND,2027,0.666,0.488,4.112,https://powering-intelligence.epri.com/dashboard/,small and large data centers plus cryptocurrency mining,conditional projection,2024 source variation; future scenario assumptions; not confidence intervals
low,ND,2028,0.687,0.529,4.455,https://powering-intelligence.epri.com/dashboard/,small and large data centers plus cryptocurrency mining,conditional projection,2024 source variation; future scenario assumptions; not confidence intervals
low,ND,2029,0.708,0.546,4.601,https://powering-intelligence.epri.com/dashboard/,small and large data centers plus cryptocurrency mining,conditional projection,2024 source variation; future scenario assumptions; not confidence intervals
low,ND,2030,0.729,0.563,4.745,https://powering-intelligence.epri.com/dashboard/,small and large data centers plus cryptocurrency mining,conditional projection,2024 source variation; future scenario assumptions; not confidence intervals
low,NE,2024,0.963,0.556,4.69,https://powering-intelligence.epri.com/dashboard/,small and large data centers plus cryptocurrency mining,historical model estimate,2024 source variation; future scenario assumptions; not confidence intervals
low,NE,2025,0.995,0.685,5.778,https://powering-intelligence.epri.com/dashboard/,small and large data centers plus cryptocurrency mining,conditional projection,2024 source variation; future scenario assumptions; not confidence intervals
low,NE,2026,1.028,0.821,6.919,https://powering-intelligence.epri.com/dashboard/,small and large data centers plus cryptocurrency mining,conditional projection,2024 source variation; future scenario assumptions; not confidence intervals
low,NE,2027,1.06,0.963,8.113,https://powering-intelligence.epri.com/dashboard/,small and large data centers plus cryptocurrency mining,conditional projection,2024 source variation; future scenario assumptions; not confidence intervals
low,NE,2028,1.093,1.02,8.59,https://powering-intelligence.epri.com/dashboard/,small and large data centers plus cryptocurrency mining,conditional projection,2024 source variation; future scenario assumptions; not confidence intervals
low,NE,2029,1.126,1.051,8.851,https://powering-intelligence.epri.com/dashboard/,small and large data centers plus cryptocurrency mining,conditional projection,2024 source variation; future scenario assumptions; not confidence intervals
low,NE,2030,1.158,1.081,9.104,https://powering-intelligence.epri.com/dashboard/,small and large data centers plus cryptocurrency mining,conditional projection,2024 source variation; future scenario assumptions; not confidence intervals
low,NH,2024,0.003,0.002,0.018,https://powering-intelligence.epri.com/dashboard/,small and large data centers plus cryptocurrency mining,historical model estimate,2024 source variation; future scenario assumptions; not confidence intervals
low,NH,2025,0.003,0.002,0.02,https://powering-intelligence.epri.com/dashboard/,small and large data centers plus cryptocurrency mining,conditional projection,2024 source variation; future scenario assumptions; not confidence intervals
low,NH,2026,0.003,0.003,0.022,https://powering-intelligence.epri.com/dashboard/,small and large data centers plus cryptocurrency mining,conditional projection,2024 source variation; future scenario assumptions; not confidence intervals
low,NH,2027,0.003,0.003,0.023,https://powering-intelligence.epri.com/dashboard/,small and large data centers plus cryptocurrency mining,conditional projection,2024 source variation; future scenario assumptions; not confidence intervals
low,NH,2028,0.003,0.003,0.025,https://powering-intelligence.epri.com/dashboard/,small and large data centers plus cryptocurrency mining,conditional projection,2024 source variation; future scenario assumptions; not confidence intervals
low,NH,2029,0.003,0.003,0.025,https://powering-intelligence.epri.com/dashboard/,small and large data centers plus cryptocurrency mining,conditional projection,2024 source variation; future scenario assumptions; not confidence intervals
low,NH,2030,0.003,0.003,0.025,https://powering-intelligence.epri.com/dashboard/,small and large data centers plus cryptocurrency mining,conditional projection,2024 source variation; future scenario assumptions; not confidence intervals
low,NJ,2024,0.49,0.494,4.187,https://powering-intelligence.epri.com/dashboard/,small and large data centers plus cryptocurrency mining,historical model estimate,2024 source variation; future scenario assumptions; not confidence intervals
low,NJ,2025,0.579,0.533,4.519,https://powering-intelligence.epri.com/dashboard/,small and large data centers plus cryptocurrency mining,conditional projection,2024 source variation; future scenario assumptions; not confidence intervals
low,NJ,2026,0.604,0.578,4.896,https://powering-intelligence.epri.com/dashboard/,small and large data centers plus cryptocurrency mining,conditional projection,2024 source variation; future scenario assumptions; not confidence intervals
low,NJ,2027,0.628,0.627,5.313,https://powering-intelligence.epri.com/dashboard/,small and large data centers plus cryptocurrency mining,conditional projection,2024 source variation; future scenario assumptions; not confidence intervals
low,NJ,2028,0.653,0.647,5.486,https://powering-intelligence.epri.com/dashboard/,small and large data centers plus cryptocurrency mining,conditional projection,2024 source variation; future scenario assumptions; not confidence intervals
low,NJ,2029,0.677,0.672,5.693,https://powering-intelligence.epri.com/dashboard/,small and large data centers plus cryptocurrency mining,conditional projection,2024 source variation; future scenario assumptions; not confidence intervals
low,NJ,2030,0.701,0.694,5.884,https://powering-intelligence.epri.com/dashboard/,small and large data centers plus cryptocurrency mining,conditional projection,2024 source variation; future scenario assumptions; not confidence intervals
low,NM,2024,0.353,0.108,0.911,https://powering-intelligence.epri.com/dashboard/,small and large data centers plus cryptocurrency mining,historical model estimate,2024 source variation; future scenario assumptions; not confidence intervals
low,NM,2025,0.358,0.172,1.444,https://powering-intelligence.epri.com/dashboard/,small and large data centers plus cryptocurrency mining,conditional projection,2024 source variation; future scenario assumptions; not confidence intervals
low,NM,2026,0.364,0.236,1.984,https://powering-intelligence.epri.com/dashboard/,small and large data centers plus cryptocurrency mining,conditional projection,2024 source variation; future scenario assumptions; not confidence intervals
low,NM,2027,0.369,0.301,2.532,https://powering-intelligence.epri.com/dashboard/,small and large data centers plus cryptocurrency mining,conditional projection,2024 source variation; future scenario assumptions; not confidence intervals
low,NM,2028,0.374,0.367,3.087,https://powering-intelligence.epri.com/dashboard/,small and large data centers plus cryptocurrency mining,conditional projection,2024 source variation; future scenario assumptions; not confidence intervals
low,NM,2029,0.379,0.372,3.126,https://powering-intelligence.epri.com/dashboard/,small and large data centers plus cryptocurrency mining,conditional projection,2024 source variation; future scenario assumptions; not confidence intervals
low,NM,2030,0.385,0.376,3.163,https://powering-intelligence.epri.com/dashboard/,small and large data centers plus cryptocurrency mining,conditional projection,2024 source variation; future scenario assumptions; not confidence intervals
low,NV,2024,0.674,0.539,4.566,https://powering-intelligence.epri.com/dashboard/,small and large data centers plus cryptocurrency mining,historical model estimate,2024 source variation; future scenario assumptions; not confidence intervals
low,NV,2025,0.773,0.572,4.842,https://powering-intelligence.epri.com/dashboard/,small and large data centers plus cryptocurrency mining,conditional projection,2024 source variation; future scenario assumptions; not confidence intervals
low,NV,2026,0.872,0.621,5.262,https://powering-intelligence.epri.com/dashboard/,small and large data centers plus cryptocurrency mining,conditional projection,2024 source variation; future scenario assumptions; not confidence intervals
low,NV,2027,0.971,0.688,5.822,https://powering-intelligence.epri.com/dashboard/,small and large data centers plus cryptocurrency mining,conditional projection,2024 source variation; future scenario assumptions; not confidence intervals
low,NV,2028,1.07,0.769,6.509,https://powering-intelligence.epri.com/dashboard/,small and large data centers plus cryptocurrency mining,conditional projection,2024 source variation; future scenario assumptions; not confidence intervals
low,NV,2029,1.169,0.854,7.226,https://powering-intelligence.epri.com/dashboard/,small and large data centers plus cryptocurrency mining,conditional projection,2024 source variation; future scenario assumptions; not confidence intervals
low,NV,2030,1.268,0.935,7.914,https://powering-intelligence.epri.com/dashboard/,small and large data centers plus cryptocurrency mining,conditional projection,2024 source variation; future scenario assumptions; not confidence intervals
low,NY,2024,0.964,0.484,4.071,https://powering-intelligence.epri.com/dashboard/,small and large data centers plus cryptocurrency mining,historical model estimate,2024 source variation; future scenario assumptions; not confidence intervals
low,NY,2025,0.989,0.618,5.202,https://powering-intelligence.epri.com/dashboard/,small and large data centers plus cryptocurrency mining,conditional projection,2024 source variation; future scenario assumptions; not confidence intervals
low,NY,2026,1.014,0.757,6.374,https://powering-intelligence.epri.com/dashboard/,small and large data centers plus cryptocurrency mining,conditional projection,2024 source variation; future scenario assumptions; not confidence intervals
low,NY,2027,1.038,0.901,7.586,https://powering-intelligence.epri.com/dashboard/,small and large data centers plus cryptocurrency mining,conditional projection,2024 source variation; future scenario assumptions; not confidence intervals
low,NY,2028,1.063,0.993,8.364,https://powering-intelligence.epri.com/dashboard/,small and large data centers plus cryptocurrency mining,conditional projection,2024 source variation; future scenario assumptions; not confidence intervals
low,NY,2029,1.088,1.016,8.56,https://powering-intelligence.epri.com/dashboard/,small and large data centers plus cryptocurrency mining,conditional projection,2024 source variation; future scenario assumptions; not confidence intervals
low,NY,2030,1.112,1.039,8.752,https://powering-intelligence.epri.com/dashboard/,small and large data centers plus cryptocurrency mining,conditional projection,2024 source variation; future scenario assumptions; not confidence intervals
low,OH,2024,1.987,0.792,6.649,https://powering-intelligence.epri.com/dashboard/,small and large data centers plus cryptocurrency mining,historical model estimate,2024 source variation; future scenario assumptions; not confidence intervals
low,OH,2025,2.197,1.112,9.341,https://powering-intelligence.epri.com/dashboard/,small and large data centers plus cryptocurrency mining,conditional projection,2024 source variation; future scenario assumptions; not confidence intervals
low,OH,2026,2.407,1.47,12.349,https://powering-intelligence.epri.com/dashboard/,small and large data centers plus cryptocurrency mining,conditional projection,2024 source variation; future scenario assumptions; not confidence intervals
low,OH,2027,2.617,1.865,15.667,https://powering-intelligence.epri.com/dashboard/,small and large data centers plus cryptocurrency mining,conditional projection,2024 source variation; future scenario assumptions; not confidence intervals
low,OH,2028,2.827,2.156,18.115,https://powering-intelligence.epri.com/dashboard/,small and large data centers plus cryptocurrency mining,conditional projection,2024 source variation; future scenario assumptions; not confidence intervals
low,OH,2029,3.037,2.336,19.639,https://powering-intelligence.epri.com/dashboard/,small and large data centers plus cryptocurrency mining,conditional projection,2024 source variation; future scenario assumptions; not confidence intervals
low,OH,2030,3.248,2.515,21.149,https://powering-intelligence.epri.com/dashboard/,small and large data centers plus cryptocurrency mining,conditional projection,2024 source variation; future scenario assumptions; not confidence intervals
low,OK,2024,0.67,0.219,1.849,https://powering-intelligence.epri.com/dashboard/,small and large data centers plus cryptocurrency mining,historical model estimate,2024 source variation; future scenario assumptions; not confidence intervals
low,OK,2025,0.703,0.323,2.721,https://powering-intelligence.epri.com/dashboard/,small and large data centers plus cryptocurrency mining,conditional projection,2024 source variation; future scenario assumptions; not confidence intervals
low,OK,2026,0.736,0.432,3.64,https://powering-intelligence.epri.com/dashboard/,small and large data centers plus cryptocurrency mining,conditional projection,2024 source variation; future scenario assumptions; not confidence intervals
low,OK,2027,0.769,0.547,4.607,https://powering-intelligence.epri.com/dashboard/,small and large data centers plus cryptocurrency mining,conditional projection,2024 source variation; future scenario assumptions; not confidence intervals
low,OK,2028,0.802,0.664,5.587,https://powering-intelligence.epri.com/dashboard/,small and large data centers plus cryptocurrency mining,conditional projection,2024 source variation; future scenario assumptions; not confidence intervals
low,OK,2029,0.835,0.693,5.831,https://powering-intelligence.epri.com/dashboard/,small and large data centers plus cryptocurrency mining,conditional projection,2024 source variation; future scenario assumptions; not confidence intervals
low,OK,2030,0.868,0.721,6.069,https://powering-intelligence.epri.com/dashboard/,small and large data centers plus cryptocurrency mining,conditional projection,2024 source variation; future scenario assumptions; not confidence intervals
low,OR,2024,2.299,1.173,9.872,https://powering-intelligence.epri.com/dashboard/,small and large data centers plus cryptocurrency mining,historical model estimate,2024 source variation; future scenario assumptions; not confidence intervals
low,OR,2025,2.356,1.482,12.476,https://powering-intelligence.epri.com/dashboard/,small and large data centers plus cryptocurrency mining,conditional projection,2024 source variation; future scenario assumptions; not confidence intervals
low,OR,2026,2.413,1.801,15.158,https://powering-intelligence.epri.com/dashboard/,small and large data centers plus cryptocurrency mining,conditional projection,2024 source variation; future scenario assumptions; not confidence intervals
low,OR,2027,2.47,2.129,17.918,https://powering-intelligence.epri.com/dashboard/,small and large data centers plus cryptocurrency mining,conditional projection,2024 source variation; future scenario assumptions; not confidence intervals
low,OR,2028,2.527,2.306,19.407,https://powering-intelligence.epri.com/dashboard/,small and large data centers plus cryptocurrency mining,conditional projection,2024 source variation; future scenario assumptions; not confidence intervals
low,OR,2029,2.584,2.354,19.814,https://powering-intelligence.epri.com/dashboard/,small and large data centers plus cryptocurrency mining,conditional projection,2024 source variation; future scenario assumptions; not confidence intervals
low,OR,2030,2.641,2.399,20.2,https://powering-intelligence.epri.com/dashboard/,small and large data centers plus cryptocurrency mining,conditional projection,2024 source variation; future scenario assumptions; not confidence intervals
low,PA,2024,0.54,0.309,2.596,https://powering-intelligence.epri.com/dashboard/,small and large data centers plus cryptocurrency mining,historical model estimate,2024 source variation; future scenario assumptions; not confidence intervals
low,PA,2025,0.618,0.381,3.199,https://powering-intelligence.epri.com/dashboard/,small and large data centers plus cryptocurrency mining,conditional projection,2024 source variation; future scenario assumptions; not confidence intervals
low,PA,2026,0.696,0.469,3.935,https://powering-intelligence.epri.com/dashboard/,small and large data centers plus cryptocurrency mining,conditional projection,2024 source variation; future scenario assumptions; not confidence intervals
low,PA,2027,0.774,0.571,4.799,https://powering-intelligence.epri.com/dashboard/,small and large data centers plus cryptocurrency mining,conditional projection,2024 source variation; future scenario assumptions; not confidence intervals
low,PA,2028,0.852,0.635,5.332,https://powering-intelligence.epri.com/dashboard/,small and large data centers plus cryptocurrency mining,conditional projection,2024 source variation; future scenario assumptions; not confidence intervals
low,PA,2029,0.93,0.71,5.959,https://powering-intelligence.epri.com/dashboard/,small and large data centers plus cryptocurrency mining,conditional projection,2024 source variation; future scenario assumptions; not confidence intervals
low,PA,2030,1.008,0.783,6.572,https://powering-intelligence.epri.com/dashboard/,small and large data centers plus cryptocurrency mining,conditional projection,2024 source variation; future scenario assumptions; not confidence intervals
low,RI,2024,0.002,0.002,0.016,https://powering-intelligence.epri.com/dashboard/,small and large data centers plus cryptocurrency mining,historical model estimate,2024 source variation; future scenario assumptions; not confidence intervals
low,RI,2025,0.002,0.002,0.016,https://powering-intelligence.epri.com/dashboard/,small and large data centers plus cryptocurrency mining,conditional projection,2024 source variation; future scenario assumptions; not confidence intervals
low,RI,2026,0.002,0.002,0.016,https://powering-intelligence.epri.com/dashboard/,small and large data centers plus cryptocurrency mining,conditional projection,2024 source variation; future scenario assumptions; not confidence intervals
low,RI,2027,0.002,0.002,0.016,https://powering-intelligence.epri.com/dashboard/,small and large data centers plus cryptocurrency mining,conditional projection,2024 source variation; future scenario assumptions; not confidence intervals
low,RI,2028,0.002,0.002,0.017,https://powering-intelligence.epri.com/dashboard/,small and large data centers plus cryptocurrency mining,conditional projection,2024 source variation; future scenario assumptions; not confidence intervals
low,RI,2029,0.002,0.002,0.017,https://powering-intelligence.epri.com/dashboard/,small and large data centers plus cryptocurrency mining,conditional projection,2024 source variation; future scenario assumptions; not confidence intervals
low,RI,2030,0.002,0.002,0.017,https://powering-intelligence.epri.com/dashboard/,small and large data centers plus cryptocurrency mining,conditional projection,2024 source variation; future scenario assumptions; not confidence intervals
low,SC,2024,0.528,0.208,1.749,https://powering-intelligence.epri.com/dashboard/,small and large data centers plus cryptocurrency mining,historical model estimate,2024 source variation; future scenario assumptions; not confidence intervals
low,SC,2025,0.586,0.284,2.385,https://powering-intelligence.epri.com/dashboard/,small and large data centers plus cryptocurrency mining,conditional projection,2024 source variation; future scenario assumptions; not confidence intervals
low,SC,2026,0.643,0.37,3.106,https://powering-intelligence.epri.com/dashboard/,small and large data centers plus cryptocurrency mining,conditional projection,2024 source variation; future scenario assumptions; not confidence intervals
low,SC,2027,0.7,0.465,3.909,https://powering-intelligence.epri.com/dashboard/,small and large data centers plus cryptocurrency mining,conditional projection,2024 source variation; future scenario assumptions; not confidence intervals
low,SC,2028,0.757,0.555,4.668,https://powering-intelligence.epri.com/dashboard/,small and large data centers plus cryptocurrency mining,conditional projection,2024 source variation; future scenario assumptions; not confidence intervals
low,SC,2029,0.814,0.604,5.078,https://powering-intelligence.epri.com/dashboard/,small and large data centers plus cryptocurrency mining,conditional projection,2024 source variation; future scenario assumptions; not confidence intervals
low,SC,2030,0.871,0.652,5.485,https://powering-intelligence.epri.com/dashboard/,small and large data centers plus cryptocurrency mining,conditional projection,2024 source variation; future scenario assumptions; not confidence intervals
low,SD,2024,0.023,0.012,0.101,https://powering-intelligence.epri.com/dashboard/,small and large data centers plus cryptocurrency mining,historical model estimate,2024 source variation; future scenario assumptions; not confidence intervals
low,SD,2025,0.023,0.015,0.125,https://powering-intelligence.epri.com/dashboard/,small and large data centers plus cryptocurrency mining,conditional projection,2024 source variation; future scenario assumptions; not confidence intervals
low,SD,2026,0.023,0.018,0.15,https://powering-intelligence.epri.com/dashboard/,small and large data centers plus cryptocurrency mining,conditional projection,2024 source variation; future scenario assumptions; not confidence intervals
low,SD,2027,0.023,0.02,0.174,https://powering-intelligence.epri.com/dashboard/,small and large data centers plus cryptocurrency mining,conditional projection,2024 source variation; future scenario assumptions; not confidence intervals
low,SD,2028,0.023,0.023,0.198,https://powering-intelligence.epri.com/dashboard/,small and large data centers plus cryptocurrency mining,conditional projection,2024 source variation; future scenario assumptions; not confidence intervals
low,SD,2029,0.023,0.023,0.198,https://powering-intelligence.epri.com/dashboard/,small and large data centers plus cryptocurrency mining,conditional projection,2024 source variation; future scenario assumptions; not confidence intervals
low,SD,2030,0.023,0.023,0.198,https://powering-intelligence.epri.com/dashboard/,small and large data centers plus cryptocurrency mining,conditional projection,2024 source variation; future scenario assumptions; not confidence intervals
low,TN,2024,0.644,0.215,1.809,https://powering-intelligence.epri.com/dashboard/,small and large data centers plus cryptocurrency mining,historical model estimate,2024 source variation; future scenario assumptions; not confidence intervals
low,TN,2025,0.671,0.32,2.689,https://powering-intelligence.epri.com/dashboard/,small and large data centers plus cryptocurrency mining,conditional projection,2024 source variation; future scenario assumptions; not confidence intervals
low,TN,2026,0.698,0.43,3.612,https://powering-intelligence.epri.com/dashboard/,small and large data centers plus cryptocurrency mining,conditional projection,2024 source variation; future scenario assumptions; not confidence intervals
low,TN,2027,0.725,0.545,4.579,https://powering-intelligence.epri.com/dashboard/,small and large data centers plus cryptocurrency mining,conditional projection,2024 source variation; future scenario assumptions; not confidence intervals
low,TN,2028,0.752,0.631,5.301,https://powering-intelligence.epri.com/dashboard/,small and large data centers plus cryptocurrency mining,conditional projection,2024 source variation; future scenario assumptions; not confidence intervals
low,TN,2029,0.779,0.656,5.512,https://powering-intelligence.epri.com/dashboard/,small and large data centers plus cryptocurrency mining,conditional projection,2024 source variation; future scenario assumptions; not confidence intervals
low,TN,2030,0.805,0.681,5.72,https://powering-intelligence.epri.com/dashboard/,small and large data centers plus cryptocurrency mining,conditional projection,2024 source variation; future scenario assumptions; not confidence intervals
low,TX,2024,6.547,3.498,32.267,https://powering-intelligence.epri.com/dashboard/,small and large data centers plus cryptocurrency mining,historical model estimate,2024 source variation; future scenario assumptions; not confidence intervals
low,TX,2025,6.834,4.352,38.695,https://powering-intelligence.epri.com/dashboard/,small and large data centers plus cryptocurrency mining,conditional projection,2024 source variation; future scenario assumptions; not confidence intervals
low,TX,2026,7.121,5.26,45.582,https://powering-intelligence.epri.com/dashboard/,small and large data centers plus cryptocurrency mining,conditional projection,2024 source variation; future scenario assumptions; not confidence intervals
low,TX,2027,7.409,6.22,52.911,https://powering-intelligence.epri.com/dashboard/,small and large data centers plus cryptocurrency mining,conditional projection,2024 source variation; future scenario assumptions; not confidence intervals
low,TX,2028,7.696,6.706,57.003,https://powering-intelligence.epri.com/dashboard/,small and large data centers plus cryptocurrency mining,conditional projection,2024 source variation; future scenario assumptions; not confidence intervals
low,TX,2029,7.984,6.967,59.207,https://powering-intelligence.epri.com/dashboard/,small and large data centers plus cryptocurrency mining,conditional projection,2024 source variation; future scenario assumptions; not confidence intervals
low,TX,2030,8.271,7.219,61.333,https://powering-intelligence.epri.com/dashboard/,small and large data centers plus cryptocurrency mining,conditional projection,2024 source variation; future scenario assumptions; not confidence intervals
low,US,2024,35.074,20.658,176.988,https://powering-intelligence.epri.com/dashboard/,small and large data centers plus cryptocurrency mining,historical model estimate,2024 source variation; future scenario assumptions; not confidence intervals
low,US,2025,38.708,24.849,211.53,https://powering-intelligence.epri.com/dashboard/,small and large data centers plus cryptocurrency mining,conditional projection,2024 source variation; future scenario assumptions; not confidence intervals
low,US,2026,42.178,29.669,251.386,https://powering-intelligence.epri.com/dashboard/,small and large data centers plus cryptocurrency mining,conditional projection,2024 source variation; future scenario assumptions; not confidence intervals
low,US,2027,45.648,35.102,296.414,https://powering-intelligence.epri.com/dashboard/,small and large data centers plus cryptocurrency mining,conditional projection,2024 source variation; future scenario assumptions; not confidence intervals
low,US,2028,49.118,39.402,332.674,https://powering-intelligence.epri.com/dashboard/,small and large data centers plus cryptocurrency mining,conditional projection,2024 source variation; future scenario assumptions; not confidence intervals
low,US,2029,52.588,42.468,358.554,https://powering-intelligence.epri.com/dashboard/,small and large data centers plus cryptocurrency mining,conditional projection,2024 source variation; future scenario assumptions; not confidence intervals
low,US,2030,56.057,45.444,383.684,https://powering-intelligence.epri.com/dashboard/,small and large data centers plus cryptocurrency mining,conditional projection,2024 source variation; future scenario assumptions; not confidence intervals
low,UT,2024,0.376,0.366,3.081,https://powering-intelligence.epri.com/dashboard/,small and large data centers plus cryptocurrency mining,historical model estimate,2024 source variation; future scenario assumptions; not confidence intervals
low,UT,2025,0.403,0.369,3.109,https://powering-intelligence.epri.com/dashboard/,small and large data centers plus cryptocurrency mining,conditional projection,2024 source variation; future scenario assumptions; not confidence intervals
low,UT,2026,0.423,0.376,3.163,https://powering-intelligence.epri.com/dashboard/,small and large data centers plus cryptocurrency mining,conditional projection,2024 source variation; future scenario assumptions; not confidence intervals
low,UT,2027,0.444,0.385,3.244,https://powering-intelligence.epri.com/dashboard/,small and large data centers plus cryptocurrency mining,conditional projection,2024 source variation; future scenario assumptions; not confidence intervals
low,UT,2028,0.465,0.398,3.352,https://powering-intelligence.epri.com/dashboard/,small and large data centers plus cryptocurrency mining,conditional projection,2024 source variation; future scenario assumptions; not confidence intervals
low,UT,2029,0.486,0.414,3.488,https://powering-intelligence.epri.com/dashboard/,small and large data centers plus cryptocurrency mining,conditional projection,2024 source variation; future scenario assumptions; not confidence intervals
low,UT,2030,0.506,0.43,3.623,https://powering-intelligence.epri.com/dashboard/,small and large data centers plus cryptocurrency mining,conditional projection,2024 source variation; future scenario assumptions; not confidence intervals
low,VA,2024,5.917,3.945,33.289,https://powering-intelligence.epri.com/dashboard/,small and large data centers plus cryptocurrency mining,historical model estimate,2024 source variation; future scenario assumptions; not confidence intervals
low,VA,2025,6.961,4.621,39.007,https://powering-intelligence.epri.com/dashboard/,small and large data centers plus cryptocurrency mining,conditional projection,2024 source variation; future scenario assumptions; not confidence intervals
low,VA,2026,8.005,5.488,46.33,https://powering-intelligence.epri.com/dashboard/,small and large data centers plus cryptocurrency mining,conditional projection,2024 source variation; future scenario assumptions; not confidence intervals
low,VA,2027,9.048,6.539,55.209,https://powering-intelligence.epri.com/dashboard/,small and large data centers plus cryptocurrency mining,conditional projection,2024 source variation; future scenario assumptions; not confidence intervals
low,VA,2028,10.092,7.494,63.279,https://powering-intelligence.epri.com/dashboard/,small and large data centers plus cryptocurrency mining,conditional projection,2024 source variation; future scenario assumptions; not confidence intervals
low,VA,2029,11.136,8.409,71.012,https://powering-intelligence.epri.com/dashboard/,small and large data centers plus cryptocurrency mining,conditional projection,2024 source variation; future scenario assumptions; not confidence intervals
low,VA,2030,12.179,9.298,78.532,https://powering-intelligence.epri.com/dashboard/,small and large data centers plus cryptocurrency mining,conditional projection,2024 source variation; future scenario assumptions; not confidence intervals
low,VT,2024,0.001,0,0.002,https://powering-intelligence.epri.com/dashboard/,small and large data centers plus cryptocurrency mining,historical model estimate,2024 source variation; future scenario assumptions; not confidence intervals
low,VT,2025,0.001,0.001,0.005,https://powering-intelligence.epri.com/dashboard/,small and large data centers plus cryptocurrency mining,conditional projection,2024 source variation; future scenario assumptions; not confidence intervals
low,VT,2026,0.001,0.001,0.007,https://powering-intelligence.epri.com/dashboard/,small and large data centers plus cryptocurrency mining,conditional projection,2024 source variation; future scenario assumptions; not confidence intervals
low,VT,2027,0.001,0.001,0.009,https://powering-intelligence.epri.com/dashboard/,small and large data centers plus cryptocurrency mining,conditional projection,2024 source variation; future scenario assumptions; not confidence intervals
low,VT,2028,0.001,0.001,0.011,https://powering-intelligence.epri.com/dashboard/,small and large data centers plus cryptocurrency mining,conditional projection,2024 source variation; future scenario assumptions; not confidence intervals
low,VT,2029,0.001,0.001,0.011,https://powering-intelligence.epri.com/dashboard/,small and large data centers plus cryptocurrency mining,conditional projection,2024 source variation; future scenario assumptions; not confidence intervals
low,VT,2030,0.001,0.001,0.011,https://powering-intelligence.epri.com/dashboard/,small and large data centers plus cryptocurrency mining,conditional projection,2024 source variation; future scenario assumptions; not confidence intervals
low,WA,2024,1.041,0.731,6.157,https://powering-intelligence.epri.com/dashboard/,small and large data centers plus cryptocurrency mining,historical model estimate,2024 source variation; future scenario assumptions; not confidence intervals
low,WA,2025,1.054,0.803,6.762,https://powering-intelligence.epri.com/dashboard/,small and large data centers plus cryptocurrency mining,conditional projection,2024 source variation; future scenario assumptions; not confidence intervals
low,WA,2026,1.067,0.876,7.383,https://powering-intelligence.epri.com/dashboard/,small and large data centers plus cryptocurrency mining,conditional projection,2024 source variation; future scenario assumptions; not confidence intervals
low,WA,2027,1.08,0.952,8.021,https://powering-intelligence.epri.com/dashboard/,small and large data centers plus cryptocurrency mining,conditional projection,2024 source variation; future scenario assumptions; not confidence intervals
low,WA,2028,1.093,0.962,8.109,https://powering-intelligence.epri.com/dashboard/,small and large data centers plus cryptocurrency mining,conditional projection,2024 source variation; future scenario assumptions; not confidence intervals
low,WA,2029,1.106,0.972,8.194,https://powering-intelligence.epri.com/dashboard/,small and large data centers plus cryptocurrency mining,conditional projection,2024 source variation; future scenario assumptions; not confidence intervals
low,WA,2030,1.119,0.982,8.279,https://powering-intelligence.epri.com/dashboard/,small and large data centers plus cryptocurrency mining,conditional projection,2024 source variation; future scenario assumptions; not confidence intervals
low,WI,2024,0.051,0.021,0.174,https://powering-intelligence.epri.com/dashboard/,small and large data centers plus cryptocurrency mining,historical model estimate,2024 source variation; future scenario assumptions; not confidence intervals
low,WI,2025,0.068,0.032,0.266,https://powering-intelligence.epri.com/dashboard/,small and large data centers plus cryptocurrency mining,conditional projection,2024 source variation; future scenario assumptions; not confidence intervals
low,WI,2026,0.085,0.046,0.385,https://powering-intelligence.epri.com/dashboard/,small and large data centers plus cryptocurrency mining,conditional projection,2024 source variation; future scenario assumptions; not confidence intervals
low,WI,2027,0.102,0.063,0.528,https://powering-intelligence.epri.com/dashboard/,small and large data centers plus cryptocurrency mining,conditional projection,2024 source variation; future scenario assumptions; not confidence intervals
low,WI,2028,0.12,0.081,0.685,https://powering-intelligence.epri.com/dashboard/,small and large data centers plus cryptocurrency mining,conditional projection,2024 source variation; future scenario assumptions; not confidence intervals
low,WI,2029,0.137,0.096,0.812,https://powering-intelligence.epri.com/dashboard/,small and large data centers plus cryptocurrency mining,conditional projection,2024 source variation; future scenario assumptions; not confidence intervals
low,WI,2030,0.154,0.111,0.933,https://powering-intelligence.epri.com/dashboard/,small and large data centers plus cryptocurrency mining,conditional projection,2024 source variation; future scenario assumptions; not confidence intervals
low,WV,2024,0,0,0,https://powering-intelligence.epri.com/dashboard/,small and large data centers plus cryptocurrency mining,historical model estimate,2024 source variation; future scenario assumptions; not confidence intervals
low,WV,2025,0,0,0,https://powering-intelligence.epri.com/dashboard/,small and large data centers plus cryptocurrency mining,conditional projection,2024 source variation; future scenario assumptions; not confidence intervals
low,WV,2026,0,0,0,https://powering-intelligence.epri.com/dashboard/,small and large data centers plus cryptocurrency mining,conditional projection,2024 source variation; future scenario assumptions; not confidence intervals
low,WV,2027,0,0,0,https://powering-intelligence.epri.com/dashboard/,small and large data centers plus cryptocurrency mining,conditional projection,2024 source variation; future scenario assumptions; not confidence intervals
low,WV,2028,0,0,0,https://powering-intelligence.epri.com/dashboard/,small and large data centers plus cryptocurrency mining,conditional projection,2024 source variation; future scenario assumptions; not confidence intervals
low,WV,2029,0,0,0,https://powering-intelligence.epri.com/dashboard/,small and large data centers plus cryptocurrency mining,conditional projection,2024 source variation; future scenario assumptions; not confidence intervals
low,WV,2030,0,0,0,https://powering-intelligence.epri.com/dashboard/,small and large data centers plus cryptocurrency mining,conditional projection,2024 source variation; future scenario assumptions; not confidence intervals
low,WY,2024,0.305,0.184,1.556,https://powering-intelligence.epri.com/dashboard/,small and large data centers plus cryptocurrency mining,historical model estimate,2024 source variation; future scenario assumptions; not confidence intervals
low,WY,2025,0.331,0.205,1.736,https://powering-intelligence.epri.com/dashboard/,small and large data centers plus cryptocurrency mining,conditional projection,2024 source variation; future scenario assumptions; not confidence intervals
low,WY,2026,0.358,0.23,1.95,https://powering-intelligence.epri.com/dashboard/,small and large data centers plus cryptocurrency mining,conditional projection,2024 source variation; future scenario assumptions; not confidence intervals
low,WY,2027,0.384,0.26,2.198,https://powering-intelligence.epri.com/dashboard/,small and large data centers plus cryptocurrency mining,conditional projection,2024 source variation; future scenario assumptions; not confidence intervals
low,WY,2028,0.41,0.293,2.481,https://powering-intelligence.epri.com/dashboard/,small and large data centers plus cryptocurrency mining,conditional projection,2024 source variation; future scenario assumptions; not confidence intervals
low,WY,2029,0.436,0.315,2.662,https://powering-intelligence.epri.com/dashboard/,small and large data centers plus cryptocurrency mining,conditional projection,2024 source variation; future scenario assumptions; not confidence intervals
low,WY,2030,0.463,0.335,2.835,https://powering-intelligence.epri.com/dashboard/,small and large data centers plus cryptocurrency mining,conditional projection,2024 source variation; future scenario assumptions; not confidence intervals
medium,AK,2024,0,0,0,https://powering-intelligence.epri.com/dashboard/,small and large data centers plus cryptocurrency mining,historical model estimate,2024 source variation; future scenario assumptions; not confidence intervals
medium,AK,2025,0,0,0,https://powering-intelligence.epri.com/dashboard/,small and large data centers plus cryptocurrency mining,conditional projection,2024 source variation; future scenario assumptions; not confidence intervals
medium,AK,2026,0,0,0.001,https://powering-intelligence.epri.com/dashboard/,small and large data centers plus cryptocurrency mining,conditional projection,2024 source variation; future scenario assumptions; not confidence intervals
medium,AK,2027,0,0,0.001,https://powering-intelligence.epri.com/dashboard/,small and large data centers plus cryptocurrency mining,conditional projection,2024 source variation; future scenario assumptions; not confidence intervals
medium,AK,2028,0,0,0.001,https://powering-intelligence.epri.com/dashboard/,small and large data centers plus cryptocurrency mining,conditional projection,2024 source variation; future scenario assumptions; not confidence intervals
medium,AK,2029,0,0,0.001,https://powering-intelligence.epri.com/dashboard/,small and large data centers plus cryptocurrency mining,conditional projection,2024 source variation; future scenario assumptions; not confidence intervals
medium,AK,2030,0,0,0.001,https://powering-intelligence.epri.com/dashboard/,small and large data centers plus cryptocurrency mining,conditional projection,2024 source variation; future scenario assumptions; not confidence intervals
medium,AL,2024,0.353,0.2,1.693,https://powering-intelligence.epri.com/dashboard/,small and large data centers plus cryptocurrency mining,historical model estimate,2024 source variation; future scenario assumptions; not confidence intervals
medium,AL,2025,0.424,0.253,2.132,https://powering-intelligence.epri.com/dashboard/,small and large data centers plus cryptocurrency mining,conditional projection,2024 source variation; future scenario assumptions; not confidence intervals
medium,AL,2026,0.495,0.319,2.689,https://powering-intelligence.epri.com/dashboard/,small and large data centers plus cryptocurrency mining,conditional projection,2024 source variation; future scenario assumptions; not confidence intervals
medium,AL,2027,0.566,0.399,3.359,https://powering-intelligence.epri.com/dashboard/,small and large data centers plus cryptocurrency mining,conditional projection,2024 source variation; future scenario assumptions; not confidence intervals
medium,AL,2028,0.638,0.491,4.136,https://powering-intelligence.epri.com/dashboard/,small and large data centers plus cryptocurrency mining,conditional projection,2024 source variation; future scenario assumptions; not confidence intervals
medium,AL,2029,0.709,0.559,4.707,https://powering-intelligence.epri.com/dashboard/,small and large data centers plus cryptocurrency mining,conditional projection,2024 source variation; future scenario assumptions; not confidence intervals
medium,AL,2030,0.78,0.625,5.259,https://powering-intelligence.epri.com/dashboard/,small and large data centers plus cryptocurrency mining,conditional projection,2024 source variation; future scenario assumptions; not confidence intervals
medium,AR,2024,0.011,0.002,0.018,https://powering-intelligence.epri.com/dashboard/,small and large data centers plus cryptocurrency mining,historical model estimate,2024 source variation; future scenario assumptions; not confidence intervals
medium,AR,2025,0.011,0.004,0.035,https://powering-intelligence.epri.com/dashboard/,small and large data centers plus cryptocurrency mining,conditional projection,2024 source variation; future scenario assumptions; not confidence intervals
medium,AR,2026,0.011,0.006,0.053,https://powering-intelligence.epri.com/dashboard/,small and large data centers plus cryptocurrency mining,conditional projection,2024 source variation; future scenario assumptions; not confidence intervals
medium,AR,2027,0.011,0.008,0.071,https://powering-intelligence.epri.com/dashboard/,small and large data centers plus cryptocurrency mining,conditional projection,2024 source variation; future scenario assumptions; not confidence intervals
medium,AR,2028,0.011,0.01,0.088,https://powering-intelligence.epri.com/dashboard/,small and large data centers plus cryptocurrency mining,conditional projection,2024 source variation; future scenario assumptions; not confidence intervals
medium,AR,2029,0.011,0.01,0.088,https://powering-intelligence.epri.com/dashboard/,small and large data centers plus cryptocurrency mining,conditional projection,2024 source variation; future scenario assumptions; not confidence intervals
medium,AR,2030,0.011,0.01,0.088,https://powering-intelligence.epri.com/dashboard/,small and large data centers plus cryptocurrency mining,conditional projection,2024 source variation; future scenario assumptions; not confidence intervals
medium,AZ,2024,1.864,0.877,7.396,https://powering-intelligence.epri.com/dashboard/,small and large data centers plus cryptocurrency mining,historical model estimate,2024 source variation; future scenario assumptions; not confidence intervals
medium,AZ,2025,2.196,1.168,9.857,https://powering-intelligence.epri.com/dashboard/,small and large data centers plus cryptocurrency mining,conditional projection,2024 source variation; future scenario assumptions; not confidence intervals
medium,AZ,2026,2.527,1.516,12.796,https://powering-intelligence.epri.com/dashboard/,small and large data centers plus cryptocurrency mining,conditional projection,2024 source variation; future scenario assumptions; not confidence intervals
medium,AZ,2027,2.858,1.92,16.205,https://powering-intelligence.epri.com/dashboard/,small and large data centers plus cryptocurrency mining,conditional projection,2024 source variation; future scenario assumptions; not confidence intervals
medium,AZ,2028,3.19,2.362,19.936,https://powering-intelligence.epri.com/dashboard/,small and large data centers plus cryptocurrency mining,conditional projection,2024 source variation; future scenario assumptions; not confidence intervals
medium,AZ,2029,3.521,2.645,22.332,https://powering-intelligence.epri.com/dashboard/,small and large data centers plus cryptocurrency mining,conditional projection,2024 source variation; future scenario assumptions; not confidence intervals
medium,AZ,2030,3.853,2.919,24.641,https://powering-intelligence.epri.com/dashboard/,small and large data centers plus cryptocurrency mining,conditional projection,2024 source variation; future scenario assumptions; not confidence intervals
medium,CA,2024,1.496,1.069,9.058,https://powering-intelligence.epri.com/dashboard/,small and large data centers plus cryptocurrency mining,historical model estimate,2024 source variation; future scenario assumptions; not confidence intervals
medium,CA,2025,1.629,1.164,9.861,https://powering-intelligence.epri.com/dashboard/,small and large data centers plus cryptocurrency mining,conditional projection,2024 source variation; future scenario assumptions; not confidence intervals
medium,CA,2026,1.763,1.281,10.86,https://powering-intelligence.epri.com/dashboard/,small and large data centers plus cryptocurrency mining,conditional projection,2024 source variation; future scenario assumptions; not confidence intervals
medium,CA,2027,1.896,1.422,12.05,https://powering-intelligence.epri.com/dashboard/,small and large data centers plus cryptocurrency mining,conditional projection,2024 source variation; future scenario assumptions; not confidence intervals
medium,CA,2028,2.029,1.554,13.167,https://powering-intelligence.epri.com/dashboard/,small and large data centers plus cryptocurrency mining,conditional projection,2024 source variation; future scenario assumptions; not confidence intervals
medium,CA,2029,2.163,1.664,14.095,https://powering-intelligence.epri.com/dashboard/,small and large data centers plus cryptocurrency mining,conditional projection,2024 source variation; future scenario assumptions; not confidence intervals
medium,CA,2030,2.296,1.774,15.027,https://powering-intelligence.epri.com/dashboard/,small and large data centers plus cryptocurrency mining,conditional projection,2024 source variation; future scenario assumptions; not confidence intervals
medium,CO,2024,0.241,0.232,1.956,https://powering-intelligence.epri.com/dashboard/,small and large data centers plus cryptocurrency mining,historical model estimate,2024 source variation; future scenario assumptions; not confidence intervals
medium,CO,2025,0.282,0.239,2.012,https://powering-intelligence.epri.com/dashboard/,small and large data centers plus cryptocurrency mining,conditional projection,2024 source variation; future scenario assumptions; not confidence intervals
medium,CO,2026,0.307,0.249,2.098,https://powering-intelligence.epri.com/dashboard/,small and large data centers plus cryptocurrency mining,conditional projection,2024 source variation; future scenario assumptions; not confidence intervals
medium,CO,2027,0.331,0.262,2.214,https://powering-intelligence.epri.com/dashboard/,small and large data centers plus cryptocurrency mining,conditional projection,2024 source variation; future scenario assumptions; not confidence intervals
medium,CO,2028,0.355,0.278,2.344,https://powering-intelligence.epri.com/dashboard/,small and large data centers plus cryptocurrency mining,conditional projection,2024 source variation; future scenario assumptions; not confidence intervals
medium,CO,2029,0.379,0.297,2.506,https://powering-intelligence.epri.com/dashboard/,small and large data centers plus cryptocurrency mining,conditional projection,2024 source variation; future scenario assumptions; not confidence intervals
medium,CO,2030,0.404,0.315,2.66,https://powering-intelligence.epri.com/dashboard/,small and large data centers plus cryptocurrency mining,conditional projection,2024 source variation; future scenario assumptions; not confidence intervals
medium,CT,2024,0.029,0.032,0.269,https://powering-intelligence.epri.com/dashboard/,small and large data centers plus cryptocurrency mining,historical model estimate,2024 source variation; future scenario assumptions; not confidence intervals
medium,CT,2025,0.065,0.039,0.326,https://powering-intelligence.epri.com/dashboard/,small and large data centers plus cryptocurrency mining,conditional projection,2024 source variation; future scenario assumptions; not confidence intervals
medium,CT,2026,0.101,0.051,0.436,https://powering-intelligence.epri.com/dashboard/,small and large data centers plus cryptocurrency mining,conditional projection,2024 source variation; future scenario assumptions; not confidence intervals
medium,CT,2027,0.136,0.07,0.596,https://powering-intelligence.epri.com/dashboard/,small and large data centers plus cryptocurrency mining,conditional projection,2024 source variation; future scenario assumptions; not confidence intervals
medium,CT,2028,0.172,0.095,0.808,https://powering-intelligence.epri.com/dashboard/,small and large data centers plus cryptocurrency mining,conditional projection,2024 source variation; future scenario assumptions; not confidence intervals
medium,CT,2029,0.207,0.126,1.072,https://powering-intelligence.epri.com/dashboard/,small and large data centers plus cryptocurrency mining,conditional projection,2024 source variation; future scenario assumptions; not confidence intervals
medium,CT,2030,0.243,0.157,1.328,https://powering-intelligence.epri.com/dashboard/,small and large data centers plus cryptocurrency mining,conditional projection,2024 source variation; future scenario assumptions; not confidence intervals
medium,DE,2024,0.014,0.003,0.022,https://powering-intelligence.epri.com/dashboard/,small and large data centers plus cryptocurrency mining,historical model estimate,2024 source variation; future scenario assumptions; not confidence intervals
medium,DE,2025,0.014,0.005,0.044,https://powering-intelligence.epri.com/dashboard/,small and large data centers plus cryptocurrency mining,conditional projection,2024 source variation; future scenario assumptions; not confidence intervals
medium,DE,2026,0.014,0.008,0.066,https://powering-intelligence.epri.com/dashboard/,small and large data centers plus cryptocurrency mining,conditional projection,2024 source variation; future scenario assumptions; not confidence intervals
medium,DE,2027,0.014,0.01,0.088,https://powering-intelligence.epri.com/dashboard/,small and large data centers plus cryptocurrency mining,conditional projection,2024 source variation; future scenario assumptions; not confidence intervals
medium,DE,2028,0.014,0.013,0.11,https://powering-intelligence.epri.com/dashboard/,small and large data centers plus cryptocurrency mining,conditional projection,2024 source variation; future scenario assumptions; not confidence intervals
medium,DE,2029,0.014,0.013,0.11,https://powering-intelligence.epri.com/dashboard/,small and large data centers plus cryptocurrency mining,conditional projection,2024 source variation; future scenario assumptions; not confidence intervals
medium,DE,2030,0.014,0.013,0.11,https://powering-intelligence.epri.com/dashboard/,small and large data centers plus cryptocurrency mining,conditional projection,2024 source variation; future scenario assumptions; not confidence intervals
medium,FL,2024,0.188,0.155,1.303,https://powering-intelligence.epri.com/dashboard/,small and large data centers plus cryptocurrency mining,historical model estimate,2024 source variation; future scenario assumptions; not confidence intervals
medium,FL,2025,0.244,0.183,1.54,https://powering-intelligence.epri.com/dashboard/,small and large data centers plus cryptocurrency mining,conditional projection,2024 source variation; future scenario assumptions; not confidence intervals
medium,FL,2026,0.3,0.22,1.857,https://powering-intelligence.epri.com/dashboard/,small and large data centers plus cryptocurrency mining,conditional projection,2024 source variation; future scenario assumptions; not confidence intervals
medium,FL,2027,0.356,0.267,2.255,https://powering-intelligence.epri.com/dashboard/,small and large data centers plus cryptocurrency mining,conditional projection,2024 source variation; future scenario assumptions; not confidence intervals
medium,FL,2028,0.412,0.312,2.635,https://powering-intelligence.epri.com/dashboard/,small and large data centers plus cryptocurrency mining,conditional projection,2024 source variation; future scenario assumptions; not confidence intervals
medium,FL,2029,0.468,0.361,3.05,https://powering-intelligence.epri.com/dashboard/,small and large data centers plus cryptocurrency mining,conditional projection,2024 source variation; future scenario assumptions; not confidence intervals
medium,FL,2030,0.524,0.409,3.454,https://powering-intelligence.epri.com/dashboard/,small and large data centers plus cryptocurrency mining,conditional projection,2024 source variation; future scenario assumptions; not confidence intervals
medium,GA,2024,1.774,0.958,8.054,https://powering-intelligence.epri.com/dashboard/,small and large data centers plus cryptocurrency mining,historical model estimate,2024 source variation; future scenario assumptions; not confidence intervals
medium,GA,2025,2.371,1.242,10.45,https://powering-intelligence.epri.com/dashboard/,small and large data centers plus cryptocurrency mining,conditional projection,2024 source variation; future scenario assumptions; not confidence intervals
medium,GA,2026,2.969,1.632,13.739,https://powering-intelligence.epri.com/dashboard/,small and large data centers plus cryptocurrency mining,conditional projection,2024 source variation; future scenario assumptions; not confidence intervals
medium,GA,2027,3.566,2.124,17.897,https://powering-intelligence.epri.com/dashboard/,small and large data centers plus cryptocurrency mining,conditional projection,2024 source variation; future scenario assumptions; not confidence intervals
medium,GA,2028,4.163,2.644,22.297,https://powering-intelligence.epri.com/dashboard/,small and large data centers plus cryptocurrency mining,conditional projection,2024 source variation; future scenario assumptions; not confidence intervals
medium,GA,2029,4.76,3.155,26.617,https://powering-intelligence.epri.com/dashboard/,small and large data centers plus cryptocurrency mining,conditional projection,2024 source variation; future scenario assumptions; not confidence intervals
medium,GA,2030,5.358,3.656,30.849,https://powering-intelligence.epri.com/dashboard/,small and large data centers plus cryptocurrency mining,conditional projection,2024 source variation; future scenario assumptions; not confidence intervals
medium,HI,2024,0.008,0.002,0.021,https://powering-intelligence.epri.com/dashboard/,small and large data centers plus cryptocurrency mining,historical model estimate,2024 source variation; future scenario assumptions; not confidence intervals
medium,HI,2025,0.008,0.004,0.032,https://powering-intelligence.epri.com/dashboard/,small and large data centers plus cryptocurrency mining,conditional projection,2024 source variation; future scenario assumptions; not confidence intervals
medium,HI,2026,0.008,0.005,0.044,https://powering-intelligence.epri.com/dashboard/,small and large data centers plus cryptocurrency mining,conditional projection,2024 source variation; future scenario assumptions; not confidence intervals
medium,HI,2027,0.008,0.007,0.056,https://powering-intelligence.epri.com/dashboard/,small and large data centers plus cryptocurrency mining,conditional projection,2024 source variation; future scenario assumptions; not confidence intervals
medium,HI,2028,0.009,0.008,0.068,https://powering-intelligence.epri.com/dashboard/,small and large data centers plus cryptocurrency mining,conditional projection,2024 source variation; future scenario assumptions; not confidence intervals
medium,HI,2029,0.009,0.008,0.07,https://powering-intelligence.epri.com/dashboard/,small and large data centers plus cryptocurrency mining,conditional projection,2024 source variation; future scenario assumptions; not confidence intervals
medium,HI,2030,0.009,0.008,0.071,https://powering-intelligence.epri.com/dashboard/,small and large data centers plus cryptocurrency mining,conditional projection,2024 source variation; future scenario assumptions; not confidence intervals
medium,IA,2024,1.698,0.94,7.894,https://powering-intelligence.epri.com/dashboard/,small and large data centers plus cryptocurrency mining,historical model estimate,2024 source variation; future scenario assumptions; not confidence intervals
medium,IA,2025,1.781,1.157,9.719,https://powering-intelligence.epri.com/dashboard/,small and large data centers plus cryptocurrency mining,conditional projection,2024 source variation; future scenario assumptions; not confidence intervals
medium,IA,2026,1.865,1.39,11.671,https://powering-intelligence.epri.com/dashboard/,small and large data centers plus cryptocurrency mining,conditional projection,2024 source variation; future scenario assumptions; not confidence intervals
medium,IA,2027,1.948,1.637,13.747,https://powering-intelligence.epri.com/dashboard/,small and large data centers plus cryptocurrency mining,conditional projection,2024 source variation; future scenario assumptions; not confidence intervals
medium,IA,2028,2.031,1.874,15.742,https://powering-intelligence.epri.com/dashboard/,small and large data centers plus cryptocurrency mining,conditional projection,2024 source variation; future scenario assumptions; not confidence intervals
medium,IA,2029,2.115,1.949,16.373,https://powering-intelligence.epri.com/dashboard/,small and large data centers plus cryptocurrency mining,conditional projection,2024 source variation; future scenario assumptions; not confidence intervals
medium,IA,2030,2.198,2.021,16.979,https://powering-intelligence.epri.com/dashboard/,small and large data centers plus cryptocurrency mining,conditional projection,2024 source variation; future scenario assumptions; not confidence intervals
medium,ID,2024,0.089,0.031,0.265,https://powering-intelligence.epri.com/dashboard/,small and large data centers plus cryptocurrency mining,historical model estimate,2024 source variation; future scenario assumptions; not confidence intervals
medium,ID,2025,0.166,0.06,0.504,https://powering-intelligence.epri.com/dashboard/,small and large data centers plus cryptocurrency mining,conditional projection,2024 source variation; future scenario assumptions; not confidence intervals
medium,ID,2026,0.244,0.102,0.861,https://powering-intelligence.epri.com/dashboard/,small and large data centers plus cryptocurrency mining,conditional projection,2024 source variation; future scenario assumptions; not confidence intervals
medium,ID,2027,0.321,0.158,1.333,https://powering-intelligence.epri.com/dashboard/,small and large data centers plus cryptocurrency mining,conditional projection,2024 source variation; future scenario assumptions; not confidence intervals
medium,ID,2028,0.399,0.227,1.917,https://powering-intelligence.epri.com/dashboard/,small and large data centers plus cryptocurrency mining,conditional projection,2024 source variation; future scenario assumptions; not confidence intervals
medium,ID,2029,0.476,0.296,2.498,https://powering-intelligence.epri.com/dashboard/,small and large data centers plus cryptocurrency mining,conditional projection,2024 source variation; future scenario assumptions; not confidence intervals
medium,ID,2030,0.554,0.362,3.058,https://powering-intelligence.epri.com/dashboard/,small and large data centers plus cryptocurrency mining,conditional projection,2024 source variation; future scenario assumptions; not confidence intervals
medium,IL,2024,1.602,1.085,9.186,https://powering-intelligence.epri.com/dashboard/,small and large data centers plus cryptocurrency mining,historical model estimate,2024 source variation; future scenario assumptions; not confidence intervals
medium,IL,2025,1.89,1.245,10.53,https://powering-intelligence.epri.com/dashboard/,small and large data centers plus cryptocurrency mining,conditional projection,2024 source variation; future scenario assumptions; not confidence intervals
medium,IL,2026,2.177,1.453,12.288,https://powering-intelligence.epri.com/dashboard/,small and large data centers plus cryptocurrency mining,conditional projection,2024 source variation; future scenario assumptions; not confidence intervals
medium,IL,2027,2.465,1.71,14.451,https://powering-intelligence.epri.com/dashboard/,small and large data centers plus cryptocurrency mining,conditional projection,2024 source variation; future scenario assumptions; not confidence intervals
medium,IL,2028,2.752,1.997,16.875,https://powering-intelligence.epri.com/dashboard/,small and large data centers plus cryptocurrency mining,conditional projection,2024 source variation; future scenario assumptions; not confidence intervals
medium,IL,2029,3.039,2.237,18.898,https://powering-intelligence.epri.com/dashboard/,small and large data centers plus cryptocurrency mining,conditional projection,2024 source variation; future scenario assumptions; not confidence intervals
medium,IL,2030,3.327,2.472,20.891,https://powering-intelligence.epri.com/dashboard/,small and large data centers plus cryptocurrency mining,conditional projection,2024 source variation; future scenario assumptions; not confidence intervals
medium,IN,2024,0.292,0.097,0.82,https://powering-intelligence.epri.com/dashboard/,small and large data centers plus cryptocurrency mining,historical model estimate,2024 source variation; future scenario assumptions; not confidence intervals
medium,IN,2025,1.116,0.315,2.651,https://powering-intelligence.epri.com/dashboard/,small and large data centers plus cryptocurrency mining,conditional projection,2024 source variation; future scenario assumptions; not confidence intervals
medium,IN,2026,1.94,0.682,5.734,https://powering-intelligence.epri.com/dashboard/,small and large data centers plus cryptocurrency mining,conditional projection,2024 source variation; future scenario assumptions; not confidence intervals
medium,IN,2027,2.763,1.194,10.041,https://powering-intelligence.epri.com/dashboard/,small and large data centers plus cryptocurrency mining,conditional projection,2024 source variation; future scenario assumptions; not confidence intervals
medium,IN,2028,3.587,1.824,15.348,https://powering-intelligence.epri.com/dashboard/,small and large data centers plus cryptocurrency mining,conditional projection,2024 source variation; future scenario assumptions; not confidence intervals
medium,IN,2029,4.411,2.567,21.602,https://powering-intelligence.epri.com/dashboard/,small and large data centers plus cryptocurrency mining,conditional projection,2024 source variation; future scenario assumptions; not confidence intervals
medium,IN,2030,5.235,3.278,27.595,https://powering-intelligence.epri.com/dashboard/,small and large data centers plus cryptocurrency mining,conditional projection,2024 source variation; future scenario assumptions; not confidence intervals
medium,KS,2024,0.044,0.009,0.08,https://powering-intelligence.epri.com/dashboard/,small and large data centers plus cryptocurrency mining,historical model estimate,2024 source variation; future scenario assumptions; not confidence intervals
medium,KS,2025,0.044,0.018,0.15,https://powering-intelligence.epri.com/dashboard/,small and large data centers plus cryptocurrency mining,conditional projection,2024 source variation; future scenario assumptions; not confidence intervals
medium,KS,2026,0.045,0.026,0.222,https://powering-intelligence.epri.com/dashboard/,small and large data centers plus cryptocurrency mining,conditional projection,2024 source variation; future scenario assumptions; not confidence intervals
medium,KS,2027,0.045,0.035,0.293,https://powering-intelligence.epri.com/dashboard/,small and large data centers plus cryptocurrency mining,conditional projection,2024 source variation; future scenario assumptions; not confidence intervals
medium,KS,2028,0.045,0.043,0.364,https://powering-intelligence.epri.com/dashboard/,small and large data centers plus cryptocurrency mining,conditional projection,2024 source variation; future scenario assumptions; not confidence intervals
medium,KS,2029,0.045,0.043,0.366,https://powering-intelligence.epri.com/dashboard/,small and large data centers plus cryptocurrency mining,conditional projection,2024 source variation; future scenario assumptions; not confidence intervals
medium,KS,2030,0.045,0.043,0.367,https://powering-intelligence.epri.com/dashboard/,small and large data centers plus cryptocurrency mining,conditional projection,2024 source variation; future scenario assumptions; not confidence intervals
medium,KY,2024,0.375,0.174,1.46,https://powering-intelligence.epri.com/dashboard/,small and large data centers plus cryptocurrency mining,historical model estimate,2024 source variation; future scenario assumptions; not confidence intervals
medium,KY,2025,0.406,0.219,1.836,https://powering-intelligence.epri.com/dashboard/,small and large data centers plus cryptocurrency mining,conditional projection,2024 source variation; future scenario assumptions; not confidence intervals
medium,KY,2026,0.437,0.269,2.262,https://powering-intelligence.epri.com/dashboard/,small and large data centers plus cryptocurrency mining,conditional projection,2024 source variation; future scenario assumptions; not confidence intervals
medium,KY,2027,0.467,0.326,2.737,https://powering-intelligence.epri.com/dashboard/,small and large data centers plus cryptocurrency mining,conditional projection,2024 source variation; future scenario assumptions; not confidence intervals
medium,KY,2028,0.498,0.382,3.209,https://powering-intelligence.epri.com/dashboard/,small and large data centers plus cryptocurrency mining,conditional projection,2024 source variation; future scenario assumptions; not confidence intervals
medium,KY,2029,0.529,0.411,3.452,https://powering-intelligence.epri.com/dashboard/,small and large data centers plus cryptocurrency mining,conditional projection,2024 source variation; future scenario assumptions; not confidence intervals
medium,KY,2030,0.56,0.439,3.689,https://powering-intelligence.epri.com/dashboard/,small and large data centers plus cryptocurrency mining,conditional projection,2024 source variation; future scenario assumptions; not confidence intervals
medium,LA,2024,0.009,0.008,0.067,https://powering-intelligence.epri.com/dashboard/,small and large data centers plus cryptocurrency mining,historical model estimate,2024 source variation; future scenario assumptions; not confidence intervals
medium,LA,2025,0.196,0.044,0.375,https://powering-intelligence.epri.com/dashboard/,small and large data centers plus cryptocurrency mining,conditional projection,2024 source variation; future scenario assumptions; not confidence intervals
medium,LA,2026,0.383,0.122,1.033,https://powering-intelligence.epri.com/dashboard/,small and large data centers plus cryptocurrency mining,conditional projection,2024 source variation; future scenario assumptions; not confidence intervals
medium,LA,2027,0.57,0.239,2.019,https://powering-intelligence.epri.com/dashboard/,small and large data centers plus cryptocurrency mining,conditional projection,2024 source variation; future scenario assumptions; not confidence intervals
medium,LA,2028,0.757,0.393,3.311,https://powering-intelligence.epri.com/dashboard/,small and large data centers plus cryptocurrency mining,conditional projection,2024 source variation; future scenario assumptions; not confidence intervals
medium,LA,2029,0.943,0.581,4.892,https://powering-intelligence.epri.com/dashboard/,small and large data centers plus cryptocurrency mining,conditional projection,2024 source variation; future scenario assumptions; not confidence intervals
medium,LA,2030,1.13,0.765,6.438,https://powering-intelligence.epri.com/dashboard/,small and large data centers plus cryptocurrency mining,conditional projection,2024 source variation; future scenario assumptions; not confidence intervals
medium,MA,2024,0.171,0.16,1.358,https://powering-intelligence.epri.com/dashboard/,small and large data centers plus cryptocurrency mining,historical model estimate,2024 source variation; future scenario assumptions; not confidence intervals
medium,MA,2025,0.171,0.162,1.377,https://powering-intelligence.epri.com/dashboard/,small and large data centers plus cryptocurrency mining,conditional projection,2024 source variation; future scenario assumptions; not confidence intervals
medium,MA,2026,0.171,0.165,1.396,https://powering-intelligence.epri.com/dashboard/,small and large data centers plus cryptocurrency mining,conditional projection,2024 source variation; future scenario assumptions; not confidence intervals
medium,MA,2027,0.171,0.167,1.414,https://powering-intelligence.epri.com/dashboard/,small and large data centers plus cryptocurrency mining,conditional projection,2024 source variation; future scenario assumptions; not confidence intervals
medium,MA,2028,0.171,0.169,1.433,https://powering-intelligence.epri.com/dashboard/,small and large data centers plus cryptocurrency mining,conditional projection,2024 source variation; future scenario assumptions; not confidence intervals
medium,MA,2029,0.171,0.169,1.433,https://powering-intelligence.epri.com/dashboard/,small and large data centers plus cryptocurrency mining,conditional projection,2024 source variation; future scenario assumptions; not confidence intervals
medium,MA,2030,0.171,0.169,1.433,https://powering-intelligence.epri.com/dashboard/,small and large data centers plus cryptocurrency mining,conditional projection,2024 source variation; future scenario assumptions; not confidence intervals
medium,MD,2024,0.063,0.021,0.179,https://powering-intelligence.epri.com/dashboard/,small and large data centers plus cryptocurrency mining,historical model estimate,2024 source variation; future scenario assumptions; not confidence intervals
medium,MD,2025,0.315,0.08,0.676,https://powering-intelligence.epri.com/dashboard/,small and large data centers plus cryptocurrency mining,conditional projection,2024 source variation; future scenario assumptions; not confidence intervals
medium,MD,2026,0.568,0.181,1.53,https://powering-intelligence.epri.com/dashboard/,small and large data centers plus cryptocurrency mining,conditional projection,2024 source variation; future scenario assumptions; not confidence intervals
medium,MD,2027,0.82,0.323,2.735,https://powering-intelligence.epri.com/dashboard/,small and large data centers plus cryptocurrency mining,conditional projection,2024 source variation; future scenario assumptions; not confidence intervals
medium,MD,2028,1.072,0.506,4.287,https://powering-intelligence.epri.com/dashboard/,small and large data centers plus cryptocurrency mining,conditional projection,2024 source variation; future scenario assumptions; not confidence intervals
medium,MD,2029,1.324,0.72,6.097,https://powering-intelligence.epri.com/dashboard/,small and large data centers plus cryptocurrency mining,conditional projection,2024 source variation; future scenario assumptions; not confidence intervals
medium,MD,2030,1.576,0.926,7.832,https://powering-intelligence.epri.com/dashboard/,small and large data centers plus cryptocurrency mining,conditional projection,2024 source variation; future scenario assumptions; not confidence intervals
medium,ME,2024,0.002,0.003,0.024,https://powering-intelligence.epri.com/dashboard/,small and large data centers plus cryptocurrency mining,historical model estimate,2024 source variation; future scenario assumptions; not confidence intervals
medium,ME,2025,0.004,0.003,0.026,https://powering-intelligence.epri.com/dashboard/,small and large data centers plus cryptocurrency mining,conditional projection,2024 source variation; future scenario assumptions; not confidence intervals
medium,ME,2026,0.005,0.003,0.029,https://powering-intelligence.epri.com/dashboard/,small and large data centers plus cryptocurrency mining,conditional projection,2024 source variation; future scenario assumptions; not confidence intervals
medium,ME,2027,0.006,0.004,0.034,https://powering-intelligence.epri.com/dashboard/,small and large data centers plus cryptocurrency mining,conditional projection,2024 source variation; future scenario assumptions; not confidence intervals
medium,ME,2028,0.007,0.005,0.04,https://powering-intelligence.epri.com/dashboard/,small and large data centers plus cryptocurrency mining,conditional projection,2024 source variation; future scenario assumptions; not confidence intervals
medium,ME,2029,0.008,0.006,0.047,https://powering-intelligence.epri.com/dashboard/,small and large data centers plus cryptocurrency mining,conditional projection,2024 source variation; future scenario assumptions; not confidence intervals
medium,ME,2030,0.009,0.006,0.054,https://powering-intelligence.epri.com/dashboard/,small and large data centers plus cryptocurrency mining,conditional projection,2024 source variation; future scenario assumptions; not confidence intervals
medium,MI,2024,0.097,0.042,0.354,https://powering-intelligence.epri.com/dashboard/,small and large data centers plus cryptocurrency mining,historical model estimate,2024 source variation; future scenario assumptions; not confidence intervals
medium,MI,2025,0.11,0.059,0.499,https://powering-intelligence.epri.com/dashboard/,small and large data centers plus cryptocurrency mining,conditional projection,2024 source variation; future scenario assumptions; not confidence intervals
medium,MI,2026,0.124,0.078,0.665,https://powering-intelligence.epri.com/dashboard/,small and large data centers plus cryptocurrency mining,conditional projection,2024 source variation; future scenario assumptions; not confidence intervals
medium,MI,2027,0.138,0.1,0.85,https://powering-intelligence.epri.com/dashboard/,small and large data centers plus cryptocurrency mining,conditional projection,2024 source variation; future scenario assumptions; not confidence intervals
medium,MI,2028,0.151,0.117,0.991,https://powering-intelligence.epri.com/dashboard/,small and large data centers plus cryptocurrency mining,conditional projection,2024 source variation; future scenario assumptions; not confidence intervals
medium,MI,2029,0.165,0.129,1.093,https://powering-intelligence.epri.com/dashboard/,small and large data centers plus cryptocurrency mining,conditional projection,2024 source variation; future scenario assumptions; not confidence intervals
medium,MI,2030,0.179,0.141,1.192,https://powering-intelligence.epri.com/dashboard/,small and large data centers plus cryptocurrency mining,conditional projection,2024 source variation; future scenario assumptions; not confidence intervals
medium,MN,2024,0.106,0.072,0.612,https://powering-intelligence.epri.com/dashboard/,small and large data centers plus cryptocurrency mining,historical model estimate,2024 source variation; future scenario assumptions; not confidence intervals
medium,MN,2025,0.188,0.102,0.861,https://powering-intelligence.epri.com/dashboard/,small and large data centers plus cryptocurrency mining,conditional projection,2024 source variation; future scenario assumptions; not confidence intervals
medium,MN,2026,0.271,0.147,1.244,https://powering-intelligence.epri.com/dashboard/,small and large data centers plus cryptocurrency mining,conditional projection,2024 source variation; future scenario assumptions; not confidence intervals
medium,MN,2027,0.353,0.208,1.759,https://powering-intelligence.epri.com/dashboard/,small and large data centers plus cryptocurrency mining,conditional projection,2024 source variation; future scenario assumptions; not confidence intervals
medium,MN,2028,0.435,0.282,2.385,https://powering-intelligence.epri.com/dashboard/,small and large data centers plus cryptocurrency mining,conditional projection,2024 source variation; future scenario assumptions; not confidence intervals
medium,MN,2029,0.517,0.362,3.06,https://powering-intelligence.epri.com/dashboard/,small and large data centers plus cryptocurrency mining,conditional projection,2024 source variation; future scenario assumptions; not confidence intervals
medium,MN,2030,0.6,0.438,3.692,https://powering-intelligence.epri.com/dashboard/,small and large data centers plus cryptocurrency mining,conditional projection,2024 source variation; future scenario assumptions; not confidence intervals
medium,MO,2024,0.224,0.156,1.31,https://powering-intelligence.epri.com/dashboard/,small and large data centers plus cryptocurrency mining,historical model estimate,2024 source variation; future scenario assumptions; not confidence intervals
medium,MO,2025,0.279,0.185,1.56,https://powering-intelligence.epri.com/dashboard/,small and large data centers plus cryptocurrency mining,conditional projection,2024 source variation; future scenario assumptions; not confidence intervals
medium,MO,2026,0.335,0.225,1.89,https://powering-intelligence.epri.com/dashboard/,small and large data centers plus cryptocurrency mining,conditional projection,2024 source variation; future scenario assumptions; not confidence intervals
medium,MO,2027,0.39,0.273,2.3,https://powering-intelligence.epri.com/dashboard/,small and large data centers plus cryptocurrency mining,conditional projection,2024 source variation; future scenario assumptions; not confidence intervals
medium,MO,2028,0.446,0.332,2.791,https://powering-intelligence.epri.com/dashboard/,small and large data centers plus cryptocurrency mining,conditional projection,2024 source variation; future scenario assumptions; not confidence intervals
medium,MO,2029,0.501,0.38,3.201,https://powering-intelligence.epri.com/dashboard/,small and large data centers plus cryptocurrency mining,conditional projection,2024 source variation; future scenario assumptions; not confidence intervals
medium,MO,2030,0.556,0.428,3.601,https://powering-intelligence.epri.com/dashboard/,small and large data centers plus cryptocurrency mining,conditional projection,2024 source variation; future scenario assumptions; not confidence intervals
medium,MS,2024,0.046,0.009,0.075,https://powering-intelligence.epri.com/dashboard/,small and large data centers plus cryptocurrency mining,historical model estimate,2024 source variation; future scenario assumptions; not confidence intervals
medium,MS,2025,0.258,0.057,0.484,https://powering-intelligence.epri.com/dashboard/,small and large data centers plus cryptocurrency mining,conditional projection,2024 source variation; future scenario assumptions; not confidence intervals
medium,MS,2026,0.469,0.146,1.224,https://powering-intelligence.epri.com/dashboard/,small and large data centers plus cryptocurrency mining,conditional projection,2024 source variation; future scenario assumptions; not confidence intervals
medium,MS,2027,0.681,0.272,2.29,https://powering-intelligence.epri.com/dashboard/,small and large data centers plus cryptocurrency mining,conditional projection,2024 source variation; future scenario assumptions; not confidence intervals
medium,MS,2028,0.892,0.437,3.672,https://powering-intelligence.epri.com/dashboard/,small and large data centers plus cryptocurrency mining,conditional projection,2024 source variation; future scenario assumptions; not confidence intervals
medium,MS,2029,1.104,0.629,5.29,https://powering-intelligence.epri.com/dashboard/,small and large data centers plus cryptocurrency mining,conditional projection,2024 source variation; future scenario assumptions; not confidence intervals
medium,MS,2030,1.316,0.818,6.878,https://powering-intelligence.epri.com/dashboard/,small and large data centers plus cryptocurrency mining,conditional projection,2024 source variation; future scenario assumptions; not confidence intervals
medium,MT,2024,0.106,0.07,0.596,https://powering-intelligence.epri.com/dashboard/,small and large data centers plus cryptocurrency mining,historical model estimate,2024 source variation; future scenario assumptions; not confidence intervals
medium,MT,2025,0.106,0.077,0.653,https://powering-intelligence.epri.com/dashboard/,small and large data centers plus cryptocurrency mining,conditional projection,2024 source variation; future scenario assumptions; not confidence intervals
medium,MT,2026,0.106,0.084,0.71,https://powering-intelligence.epri.com/dashboard/,small and large data centers plus cryptocurrency mining,conditional projection,2024 source variation; future scenario assumptions; not confidence intervals
medium,MT,2027,0.106,0.091,0.767,https://powering-intelligence.epri.com/dashboard/,small and large data centers plus cryptocurrency mining,conditional projection,2024 source variation; future scenario assumptions; not confidence intervals
medium,MT,2028,0.106,0.098,0.824,https://powering-intelligence.epri.com/dashboard/,small and large data centers plus cryptocurrency mining,conditional projection,2024 source variation; future scenario assumptions; not confidence intervals
medium,MT,2029,0.106,0.098,0.824,https://powering-intelligence.epri.com/dashboard/,small and large data centers plus cryptocurrency mining,conditional projection,2024 source variation; future scenario assumptions; not confidence intervals
medium,MT,2030,0.106,0.098,0.824,https://powering-intelligence.epri.com/dashboard/,small and large data centers plus cryptocurrency mining,conditional projection,2024 source variation; future scenario assumptions; not confidence intervals
medium,NC,2024,0.746,0.439,3.704,https://powering-intelligence.epri.com/dashboard/,small and large data centers plus cryptocurrency mining,historical model estimate,2024 source variation; future scenario assumptions; not confidence intervals
medium,NC,2025,0.931,0.521,4.396,https://powering-intelligence.epri.com/dashboard/,small and large data centers plus cryptocurrency mining,conditional projection,2024 source variation; future scenario assumptions; not confidence intervals
medium,NC,2026,1.116,0.634,5.351,https://powering-intelligence.epri.com/dashboard/,small and large data centers plus cryptocurrency mining,conditional projection,2024 source variation; future scenario assumptions; not confidence intervals
medium,NC,2027,1.301,0.778,6.563,https://powering-intelligence.epri.com/dashboard/,small and large data centers plus cryptocurrency mining,conditional projection,2024 source variation; future scenario assumptions; not confidence intervals
medium,NC,2028,1.486,0.948,7.999,https://powering-intelligence.epri.com/dashboard/,small and large data centers plus cryptocurrency mining,conditional projection,2024 source variation; future scenario assumptions; not confidence intervals
medium,NC,2029,1.671,1.106,9.336,https://powering-intelligence.epri.com/dashboard/,small and large data centers plus cryptocurrency mining,conditional projection,2024 source variation; future scenario assumptions; not confidence intervals
medium,NC,2030,1.856,1.255,10.599,https://powering-intelligence.epri.com/dashboard/,small and large data centers plus cryptocurrency mining,conditional projection,2024 source variation; future scenario assumptions; not confidence intervals
medium,ND,2024,0.64,0.229,1.931,https://powering-intelligence.epri.com/dashboard/,small and large data centers plus cryptocurrency mining,historical model estimate,2024 source variation; future scenario assumptions; not confidence intervals
medium,ND,2025,0.663,0.321,2.702,https://powering-intelligence.epri.com/dashboard/,small and large data centers plus cryptocurrency mining,conditional projection,2024 source variation; future scenario assumptions; not confidence intervals
medium,ND,2026,0.687,0.417,3.508,https://powering-intelligence.epri.com/dashboard/,small and large data centers plus cryptocurrency mining,conditional projection,2024 source variation; future scenario assumptions; not confidence intervals
medium,ND,2027,0.71,0.516,4.346,https://powering-intelligence.epri.com/dashboard/,small and large data centers plus cryptocurrency mining,conditional projection,2024 source variation; future scenario assumptions; not confidence intervals
medium,ND,2028,0.733,0.565,4.755,https://powering-intelligence.epri.com/dashboard/,small and large data centers plus cryptocurrency mining,conditional projection,2024 source variation; future scenario assumptions; not confidence intervals
medium,ND,2029,0.757,0.584,4.917,https://powering-intelligence.epri.com/dashboard/,small and large data centers plus cryptocurrency mining,conditional projection,2024 source variation; future scenario assumptions; not confidence intervals
medium,ND,2030,0.78,0.603,5.078,https://powering-intelligence.epri.com/dashboard/,small and large data centers plus cryptocurrency mining,conditional projection,2024 source variation; future scenario assumptions; not confidence intervals
medium,NE,2024,1.021,0.567,4.788,https://powering-intelligence.epri.com/dashboard/,small and large data centers plus cryptocurrency mining,historical model estimate,2024 source variation; future scenario assumptions; not confidence intervals
medium,NE,2025,1.081,0.714,6.02,https://powering-intelligence.epri.com/dashboard/,small and large data centers plus cryptocurrency mining,conditional projection,2024 source variation; future scenario assumptions; not confidence intervals
medium,NE,2026,1.14,0.873,7.351,https://powering-intelligence.epri.com/dashboard/,small and large data centers plus cryptocurrency mining,conditional projection,2024 source variation; future scenario assumptions; not confidence intervals
medium,NE,2027,1.2,1.042,8.777,https://powering-intelligence.epri.com/dashboard/,small and large data centers plus cryptocurrency mining,conditional projection,2024 source variation; future scenario assumptions; not confidence intervals
medium,NE,2028,1.259,1.132,9.528,https://powering-intelligence.epri.com/dashboard/,small and large data centers plus cryptocurrency mining,conditional projection,2024 source variation; future scenario assumptions; not confidence intervals
medium,NE,2029,1.319,1.189,10.005,https://powering-intelligence.epri.com/dashboard/,small and large data centers plus cryptocurrency mining,conditional projection,2024 source variation; future scenario assumptions; not confidence intervals
medium,NE,2030,1.378,1.244,10.467,https://powering-intelligence.epri.com/dashboard/,small and large data centers plus cryptocurrency mining,conditional projection,2024 source variation; future scenario assumptions; not confidence intervals
medium,NH,2024,0.004,0.002,0.019,https://powering-intelligence.epri.com/dashboard/,small and large data centers plus cryptocurrency mining,historical model estimate,2024 source variation; future scenario assumptions; not confidence intervals
medium,NH,2025,0.004,0.003,0.022,https://powering-intelligence.epri.com/dashboard/,small and large data centers plus cryptocurrency mining,conditional projection,2024 source variation; future scenario assumptions; not confidence intervals
medium,NH,2026,0.004,0.003,0.024,https://powering-intelligence.epri.com/dashboard/,small and large data centers plus cryptocurrency mining,conditional projection,2024 source variation; future scenario assumptions; not confidence intervals
medium,NH,2027,0.004,0.003,0.027,https://powering-intelligence.epri.com/dashboard/,small and large data centers plus cryptocurrency mining,conditional projection,2024 source variation; future scenario assumptions; not confidence intervals
medium,NH,2028,0.004,0.003,0.029,https://powering-intelligence.epri.com/dashboard/,small and large data centers plus cryptocurrency mining,conditional projection,2024 source variation; future scenario assumptions; not confidence intervals
medium,NH,2029,0.004,0.003,0.029,https://powering-intelligence.epri.com/dashboard/,small and large data centers plus cryptocurrency mining,conditional projection,2024 source variation; future scenario assumptions; not confidence intervals
medium,NH,2030,0.004,0.003,0.029,https://powering-intelligence.epri.com/dashboard/,small and large data centers plus cryptocurrency mining,conditional projection,2024 source variation; future scenario assumptions; not confidence intervals
medium,NJ,2024,0.547,0.494,4.187,https://powering-intelligence.epri.com/dashboard/,small and large data centers plus cryptocurrency mining,historical model estimate,2024 source variation; future scenario assumptions; not confidence intervals
medium,NJ,2025,0.622,0.543,4.603,https://powering-intelligence.epri.com/dashboard/,small and large data centers plus cryptocurrency mining,conditional projection,2024 source variation; future scenario assumptions; not confidence intervals
medium,NJ,2026,0.69,0.607,5.143,https://powering-intelligence.epri.com/dashboard/,small and large data centers plus cryptocurrency mining,conditional projection,2024 source variation; future scenario assumptions; not confidence intervals
medium,NJ,2027,0.757,0.684,5.797,https://powering-intelligence.epri.com/dashboard/,small and large data centers plus cryptocurrency mining,conditional projection,2024 source variation; future scenario assumptions; not confidence intervals
medium,NJ,2028,0.825,0.74,6.272,https://powering-intelligence.epri.com/dashboard/,small and large data centers plus cryptocurrency mining,conditional projection,2024 source variation; future scenario assumptions; not confidence intervals
medium,NJ,2029,0.892,0.808,6.845,https://powering-intelligence.epri.com/dashboard/,small and large data centers plus cryptocurrency mining,conditional projection,2024 source variation; future scenario assumptions; not confidence intervals
medium,NJ,2030,0.96,0.87,7.373,https://powering-intelligence.epri.com/dashboard/,small and large data centers plus cryptocurrency mining,conditional projection,2024 source variation; future scenario assumptions; not confidence intervals
medium,NM,2024,0.393,0.117,0.98,https://powering-intelligence.epri.com/dashboard/,small and large data centers plus cryptocurrency mining,historical model estimate,2024 source variation; future scenario assumptions; not confidence intervals
medium,NM,2025,0.44,0.196,1.65,https://powering-intelligence.epri.com/dashboard/,small and large data centers plus cryptocurrency mining,conditional projection,2024 source variation; future scenario assumptions; not confidence intervals
medium,NM,2026,0.488,0.284,2.388,https://powering-intelligence.epri.com/dashboard/,small and large data centers plus cryptocurrency mining,conditional projection,2024 source variation; future scenario assumptions; not confidence intervals
medium,NM,2027,0.535,0.38,3.192,https://powering-intelligence.epri.com/dashboard/,small and large data centers plus cryptocurrency mining,conditional projection,2024 source variation; future scenario assumptions; not confidence intervals
medium,NM,2028,0.582,0.483,4.062,https://powering-intelligence.epri.com/dashboard/,small and large data centers plus cryptocurrency mining,conditional projection,2024 source variation; future scenario assumptions; not confidence intervals
medium,NM,2029,0.629,0.523,4.403,https://powering-intelligence.epri.com/dashboard/,small and large data centers plus cryptocurrency mining,conditional projection,2024 source variation; future scenario assumptions; not confidence intervals
medium,NM,2030,0.676,0.562,4.729,https://powering-intelligence.epri.com/dashboard/,small and large data centers plus cryptocurrency mining,conditional projection,2024 source variation; future scenario assumptions; not confidence intervals
medium,NV,2024,0.866,0.578,4.891,https://powering-intelligence.epri.com/dashboard/,small and large data centers plus cryptocurrency mining,historical model estimate,2024 source variation; future scenario assumptions; not confidence intervals
medium,NV,2025,1.143,0.683,5.783,https://powering-intelligence.epri.com/dashboard/,small and large data centers plus cryptocurrency mining,conditional projection,2024 source variation; future scenario assumptions; not confidence intervals
medium,NV,2026,1.42,0.837,7.078,https://powering-intelligence.epri.com/dashboard/,small and large data centers plus cryptocurrency mining,conditional projection,2024 source variation; future scenario assumptions; not confidence intervals
medium,NV,2027,1.697,1.037,8.765,https://powering-intelligence.epri.com/dashboard/,small and large data centers plus cryptocurrency mining,conditional projection,2024 source variation; future scenario assumptions; not confidence intervals
medium,NV,2028,1.974,1.281,10.827,https://powering-intelligence.epri.com/dashboard/,small and large data centers plus cryptocurrency mining,conditional projection,2024 source variation; future scenario assumptions; not confidence intervals
medium,NV,2029,2.251,1.518,12.837,https://powering-intelligence.epri.com/dashboard/,small and large data centers plus cryptocurrency mining,conditional projection,2024 source variation; future scenario assumptions; not confidence intervals
medium,NV,2030,2.529,1.746,14.762,https://powering-intelligence.epri.com/dashboard/,small and large data centers plus cryptocurrency mining,conditional projection,2024 source variation; future scenario assumptions; not confidence intervals
medium,NY,2024,1.085,0.511,4.296,https://powering-intelligence.epri.com/dashboard/,small and large data centers plus cryptocurrency mining,historical model estimate,2024 source variation; future scenario assumptions; not confidence intervals
medium,NY,2025,1.152,0.68,5.721,https://powering-intelligence.epri.com/dashboard/,small and large data centers plus cryptocurrency mining,conditional projection,2024 source variation; future scenario assumptions; not confidence intervals
medium,NY,2026,1.219,0.862,7.259,https://powering-intelligence.epri.com/dashboard/,small and large data centers plus cryptocurrency mining,conditional projection,2024 source variation; future scenario assumptions; not confidence intervals
medium,NY,2027,1.286,1.057,8.905,https://powering-intelligence.epri.com/dashboard/,small and large data centers plus cryptocurrency mining,conditional projection,2024 source variation; future scenario assumptions; not confidence intervals
medium,NY,2028,1.353,1.208,10.182,https://powering-intelligence.epri.com/dashboard/,small and large data centers plus cryptocurrency mining,conditional projection,2024 source variation; future scenario assumptions; not confidence intervals
medium,NY,2029,1.42,1.272,10.716,https://powering-intelligence.epri.com/dashboard/,small and large data centers plus cryptocurrency mining,conditional projection,2024 source variation; future scenario assumptions; not confidence intervals
medium,NY,2030,1.487,1.334,11.238,https://powering-intelligence.epri.com/dashboard/,small and large data centers plus cryptocurrency mining,conditional projection,2024 source variation; future scenario assumptions; not confidence intervals
medium,OH,2024,2.104,0.812,6.823,https://powering-intelligence.epri.com/dashboard/,small and large data centers plus cryptocurrency mining,historical model estimate,2024 source variation; future scenario assumptions; not confidence intervals
medium,OH,2025,2.602,1.203,10.103,https://powering-intelligence.epri.com/dashboard/,small and large data centers plus cryptocurrency mining,conditional projection,2024 source variation; future scenario assumptions; not confidence intervals
medium,OH,2026,3.099,1.682,14.132,https://powering-intelligence.epri.com/dashboard/,small and large data centers plus cryptocurrency mining,conditional projection,2024 source variation; future scenario assumptions; not confidence intervals
medium,OH,2027,3.596,2.248,18.891,https://powering-intelligence.epri.com/dashboard/,small and large data centers plus cryptocurrency mining,conditional projection,2024 source variation; future scenario assumptions; not confidence intervals
medium,OH,2028,4.093,2.759,23.195,https://powering-intelligence.epri.com/dashboard/,small and large data centers plus cryptocurrency mining,conditional projection,2024 source variation; future scenario assumptions; not confidence intervals
medium,OH,2029,4.59,3.187,26.802,https://powering-intelligence.epri.com/dashboard/,small and large data centers plus cryptocurrency mining,conditional projection,2024 source variation; future scenario assumptions; not confidence intervals
medium,OH,2030,5.087,3.61,30.376,https://powering-intelligence.epri.com/dashboard/,small and large data centers plus cryptocurrency mining,conditional projection,2024 source variation; future scenario assumptions; not confidence intervals
medium,OK,2024,0.745,0.233,1.96,https://powering-intelligence.epri.com/dashboard/,small and large data centers plus cryptocurrency mining,historical model estimate,2024 source variation; future scenario assumptions; not confidence intervals
medium,OK,2025,0.791,0.352,2.962,https://powering-intelligence.epri.com/dashboard/,small and large data centers plus cryptocurrency mining,conditional projection,2024 source variation; future scenario assumptions; not confidence intervals
medium,OK,2026,0.836,0.479,4.031,https://powering-intelligence.epri.com/dashboard/,small and large data centers plus cryptocurrency mining,conditional projection,2024 source variation; future scenario assumptions; not confidence intervals
medium,OK,2027,0.882,0.614,5.165,https://powering-intelligence.epri.com/dashboard/,small and large data centers plus cryptocurrency mining,conditional projection,2024 source variation; future scenario assumptions; not confidence intervals
medium,OK,2028,0.927,0.752,6.331,https://powering-intelligence.epri.com/dashboard/,small and large data centers plus cryptocurrency mining,conditional projection,2024 source variation; future scenario assumptions; not confidence intervals
medium,OK,2029,0.973,0.792,6.669,https://powering-intelligence.epri.com/dashboard/,small and large data centers plus cryptocurrency mining,conditional projection,2024 source variation; future scenario assumptions; not confidence intervals
medium,OK,2030,1.018,0.831,6.998,https://powering-intelligence.epri.com/dashboard/,small and large data centers plus cryptocurrency mining,conditional projection,2024 source variation; future scenario assumptions; not confidence intervals
medium,OR,2024,2.982,1.308,11.005,https://powering-intelligence.epri.com/dashboard/,small and large data centers plus cryptocurrency mining,historical model estimate,2024 source variation; future scenario assumptions; not confidence intervals
medium,OR,2025,3.09,1.762,14.831,https://powering-intelligence.epri.com/dashboard/,small and large data centers plus cryptocurrency mining,conditional projection,2024 source variation; future scenario assumptions; not confidence intervals
medium,OR,2026,3.199,2.235,18.808,https://powering-intelligence.epri.com/dashboard/,small and large data centers plus cryptocurrency mining,conditional projection,2024 source variation; future scenario assumptions; not confidence intervals
medium,OR,2027,3.308,2.725,22.933,https://powering-intelligence.epri.com/dashboard/,small and large data centers plus cryptocurrency mining,conditional projection,2024 source variation; future scenario assumptions; not confidence intervals
medium,OR,2028,3.417,3.072,25.857,https://powering-intelligence.epri.com/dashboard/,small and large data centers plus cryptocurrency mining,conditional projection,2024 source variation; future scenario assumptions; not confidence intervals
medium,OR,2029,3.526,3.164,26.635,https://powering-intelligence.epri.com/dashboard/,small and large data centers plus cryptocurrency mining,conditional projection,2024 source variation; future scenario assumptions; not confidence intervals
medium,OR,2030,3.635,3.251,27.372,https://powering-intelligence.epri.com/dashboard/,small and large data centers plus cryptocurrency mining,conditional projection,2024 source variation; future scenario assumptions; not confidence intervals
medium,PA,2024,0.631,0.325,2.728,https://powering-intelligence.epri.com/dashboard/,small and large data centers plus cryptocurrency mining,historical model estimate,2024 source variation; future scenario assumptions; not confidence intervals
medium,PA,2025,0.993,0.468,3.927,https://powering-intelligence.epri.com/dashboard/,small and large data centers plus cryptocurrency mining,conditional projection,2024 source variation; future scenario assumptions; not confidence intervals
medium,PA,2026,1.355,0.683,5.74,https://powering-intelligence.epri.com/dashboard/,small and large data centers plus cryptocurrency mining,conditional projection,2024 source variation; future scenario assumptions; not confidence intervals
medium,PA,2027,1.716,0.97,8.146,https://powering-intelligence.epri.com/dashboard/,small and large data centers plus cryptocurrency mining,conditional projection,2024 source variation; future scenario assumptions; not confidence intervals
medium,PA,2028,2.078,1.27,10.668,https://powering-intelligence.epri.com/dashboard/,small and large data centers plus cryptocurrency mining,conditional projection,2024 source variation; future scenario assumptions; not confidence intervals
medium,PA,2029,2.44,1.617,13.579,https://powering-intelligence.epri.com/dashboard/,small and large data centers plus cryptocurrency mining,conditional projection,2024 source variation; future scenario assumptions; not confidence intervals
medium,PA,2030,2.802,1.956,16.424,https://powering-intelligence.epri.com/dashboard/,small and large data centers plus cryptocurrency mining,conditional projection,2024 source variation; future scenario assumptions; not confidence intervals
medium,RI,2024,0.003,0.002,0.017,https://powering-intelligence.epri.com/dashboard/,small and large data centers plus cryptocurrency mining,historical model estimate,2024 source variation; future scenario assumptions; not confidence intervals
medium,RI,2025,0.003,0.002,0.018,https://powering-intelligence.epri.com/dashboard/,small and large data centers plus cryptocurrency mining,conditional projection,2024 source variation; future scenario assumptions; not confidence intervals
medium,RI,2026,0.003,0.002,0.019,https://powering-intelligence.epri.com/dashboard/,small and large data centers plus cryptocurrency mining,conditional projection,2024 source variation; future scenario assumptions; not confidence intervals
medium,RI,2027,0.003,0.002,0.02,https://powering-intelligence.epri.com/dashboard/,small and large data centers plus cryptocurrency mining,conditional projection,2024 source variation; future scenario assumptions; not confidence intervals
medium,RI,2028,0.003,0.002,0.021,https://powering-intelligence.epri.com/dashboard/,small and large data centers plus cryptocurrency mining,conditional projection,2024 source variation; future scenario assumptions; not confidence intervals
medium,RI,2029,0.003,0.002,0.021,https://powering-intelligence.epri.com/dashboard/,small and large data centers plus cryptocurrency mining,conditional projection,2024 source variation; future scenario assumptions; not confidence intervals
medium,RI,2030,0.003,0.002,0.021,https://powering-intelligence.epri.com/dashboard/,small and large data centers plus cryptocurrency mining,conditional projection,2024 source variation; future scenario assumptions; not confidence intervals
medium,SC,2024,0.551,0.212,1.781,https://powering-intelligence.epri.com/dashboard/,small and large data centers plus cryptocurrency mining,historical model estimate,2024 source variation; future scenario assumptions; not confidence intervals
medium,SC,2025,0.727,0.311,2.618,https://powering-intelligence.epri.com/dashboard/,small and large data centers plus cryptocurrency mining,conditional projection,2024 source variation; future scenario assumptions; not confidence intervals
medium,SC,2026,0.904,0.442,3.716,https://powering-intelligence.epri.com/dashboard/,small and large data centers plus cryptocurrency mining,conditional projection,2024 source variation; future scenario assumptions; not confidence intervals
medium,SC,2027,1.08,0.602,5.069,https://powering-intelligence.epri.com/dashboard/,small and large data centers plus cryptocurrency mining,conditional projection,2024 source variation; future scenario assumptions; not confidence intervals
medium,SC,2028,1.257,0.778,6.548,https://powering-intelligence.epri.com/dashboard/,small and large data centers plus cryptocurrency mining,conditional projection,2024 source variation; future scenario assumptions; not confidence intervals
medium,SC,2029,1.434,0.928,7.813,https://powering-intelligence.epri.com/dashboard/,small and large data centers plus cryptocurrency mining,conditional projection,2024 source variation; future scenario assumptions; not confidence intervals
medium,SC,2030,1.61,1.077,9.072,https://powering-intelligence.epri.com/dashboard/,small and large data centers plus cryptocurrency mining,conditional projection,2024 source variation; future scenario assumptions; not confidence intervals
medium,SD,2024,0.03,0.013,0.114,https://powering-intelligence.epri.com/dashboard/,small and large data centers plus cryptocurrency mining,historical model estimate,2024 source variation; future scenario assumptions; not confidence intervals
medium,SD,2025,0.03,0.018,0.151,https://powering-intelligence.epri.com/dashboard/,small and large data centers plus cryptocurrency mining,conditional projection,2024 source variation; future scenario assumptions; not confidence intervals
medium,SD,2026,0.03,0.022,0.187,https://powering-intelligence.epri.com/dashboard/,small and large data centers plus cryptocurrency mining,conditional projection,2024 source variation; future scenario assumptions; not confidence intervals
medium,SD,2027,0.03,0.026,0.224,https://powering-intelligence.epri.com/dashboard/,small and large data centers plus cryptocurrency mining,conditional projection,2024 source variation; future scenario assumptions; not confidence intervals
medium,SD,2028,0.03,0.031,0.26,https://powering-intelligence.epri.com/dashboard/,small and large data centers plus cryptocurrency mining,conditional projection,2024 source variation; future scenario assumptions; not confidence intervals
medium,SD,2029,0.031,0.031,0.261,https://powering-intelligence.epri.com/dashboard/,small and large data centers plus cryptocurrency mining,conditional projection,2024 source variation; future scenario assumptions; not confidence intervals
medium,SD,2030,0.031,0.031,0.261,https://powering-intelligence.epri.com/dashboard/,small and large data centers plus cryptocurrency mining,conditional projection,2024 source variation; future scenario assumptions; not confidence intervals
medium,TN,2024,0.755,0.235,1.97,https://powering-intelligence.epri.com/dashboard/,small and large data centers plus cryptocurrency mining,historical model estimate,2024 source variation; future scenario assumptions; not confidence intervals
medium,TN,2025,0.835,0.368,3.091,https://powering-intelligence.epri.com/dashboard/,small and large data centers plus cryptocurrency mining,conditional projection,2024 source variation; future scenario assumptions; not confidence intervals
medium,TN,2026,0.914,0.517,4.343,https://powering-intelligence.epri.com/dashboard/,small and large data centers plus cryptocurrency mining,conditional projection,2024 source variation; future scenario assumptions; not confidence intervals
medium,TN,2027,0.994,0.681,5.723,https://powering-intelligence.epri.com/dashboard/,small and large data centers plus cryptocurrency mining,conditional projection,2024 source variation; future scenario assumptions; not confidence intervals
medium,TN,2028,1.073,0.826,6.94,https://powering-intelligence.epri.com/dashboard/,small and large data centers plus cryptocurrency mining,conditional projection,2024 source variation; future scenario assumptions; not confidence intervals
medium,TN,2029,1.153,0.9,7.563,https://powering-intelligence.epri.com/dashboard/,small and large data centers plus cryptocurrency mining,conditional projection,2024 source variation; future scenario assumptions; not confidence intervals
medium,TN,2030,1.233,0.974,8.18,https://powering-intelligence.epri.com/dashboard/,small and large data centers plus cryptocurrency mining,conditional projection,2024 source variation; future scenario assumptions; not confidence intervals
medium,TX,2024,7.315,3.649,33.539,https://powering-intelligence.epri.com/dashboard/,small and large data centers plus cryptocurrency mining,historical model estimate,2024 source variation; future scenario assumptions; not confidence intervals
medium,TX,2025,8.438,4.816,42.606,https://powering-intelligence.epri.com/dashboard/,small and large data centers plus cryptocurrency mining,conditional projection,2024 source variation; future scenario assumptions; not confidence intervals
medium,TX,2026,9.561,6.196,53.463,https://powering-intelligence.epri.com/dashboard/,small and large data centers plus cryptocurrency mining,conditional projection,2024 source variation; future scenario assumptions; not confidence intervals
medium,TX,2027,10.684,7.779,66.045,https://powering-intelligence.epri.com/dashboard/,small and large data centers plus cryptocurrency mining,conditional projection,2024 source variation; future scenario assumptions; not confidence intervals
medium,TX,2028,11.807,9.035,76.627,https://powering-intelligence.epri.com/dashboard/,small and large data centers plus cryptocurrency mining,conditional projection,2024 source variation; future scenario assumptions; not confidence intervals
medium,TX,2029,12.93,10.056,85.238,https://powering-intelligence.epri.com/dashboard/,small and large data centers plus cryptocurrency mining,conditional projection,2024 source variation; future scenario assumptions; not confidence intervals
medium,TX,2030,14.053,11.04,93.545,https://powering-intelligence.epri.com/dashboard/,small and large data centers plus cryptocurrency mining,conditional projection,2024 source variation; future scenario assumptions; not confidence intervals
medium,US,2024,39.773,21.515,184.203,https://powering-intelligence.epri.com/dashboard/,small and large data centers plus cryptocurrency mining,historical model estimate,2024 source variation; future scenario assumptions; not confidence intervals
medium,US,2025,49.143,27.665,235.262,https://powering-intelligence.epri.com/dashboard/,small and large data centers plus cryptocurrency mining,conditional projection,2024 source variation; future scenario assumptions; not confidence intervals
medium,US,2026,58.487,35.511,300.636,https://powering-intelligence.epri.com/dashboard/,small and large data centers plus cryptocurrency mining,conditional projection,2024 source variation; future scenario assumptions; not confidence intervals
medium,US,2027,67.831,45.007,379.936,https://powering-intelligence.epri.com/dashboard/,small and large data centers plus cryptocurrency mining,conditional projection,2024 source variation; future scenario assumptions; not confidence intervals
medium,US,2028,77.175,54.377,458.976,https://powering-intelligence.epri.com/dashboard/,small and large data centers plus cryptocurrency mining,conditional projection,2024 source variation; future scenario assumptions; not confidence intervals
medium,US,2029,86.519,62.636,528.681,https://powering-intelligence.epri.com/dashboard/,small and large data centers plus cryptocurrency mining,conditional projection,2024 source variation; future scenario assumptions; not confidence intervals
medium,US,2030,95.862,70.651,596.35,https://powering-intelligence.epri.com/dashboard/,small and large data centers plus cryptocurrency mining,conditional projection,2024 source variation; future scenario assumptions; not confidence intervals
medium,UT,2024,0.497,0.389,3.27,https://powering-intelligence.epri.com/dashboard/,small and large data centers plus cryptocurrency mining,historical model estimate,2024 source variation; future scenario assumptions; not confidence intervals
medium,UT,2025,0.559,0.42,3.538,https://powering-intelligence.epri.com/dashboard/,small and large data centers plus cryptocurrency mining,conditional projection,2024 source variation; future scenario assumptions; not confidence intervals
medium,UT,2026,0.62,0.461,3.887,https://powering-intelligence.epri.com/dashboard/,small and large data centers plus cryptocurrency mining,conditional projection,2024 source variation; future scenario assumptions; not confidence intervals
medium,UT,2027,0.682,0.512,4.317,https://powering-intelligence.epri.com/dashboard/,small and large data centers plus cryptocurrency mining,conditional projection,2024 source variation; future scenario assumptions; not confidence intervals
medium,UT,2028,0.744,0.572,4.827,https://powering-intelligence.epri.com/dashboard/,small and large data centers plus cryptocurrency mining,conditional projection,2024 source variation; future scenario assumptions; not confidence intervals
medium,UT,2029,0.805,0.62,5.229,https://powering-intelligence.epri.com/dashboard/,small and large data centers plus cryptocurrency mining,conditional projection,2024 source variation; future scenario assumptions; not confidence intervals
medium,UT,2030,0.867,0.667,5.63,https://powering-intelligence.epri.com/dashboard/,small and large data centers plus cryptocurrency mining,conditional projection,2024 source variation; future scenario assumptions; not confidence intervals
medium,VA,2024,6.367,4.023,33.947,https://powering-intelligence.epri.com/dashboard/,small and large data centers plus cryptocurrency mining,historical model estimate,2024 source variation; future scenario assumptions; not confidence intervals
medium,VA,2025,9.026,5.073,42.823,https://powering-intelligence.epri.com/dashboard/,small and large data centers plus cryptocurrency mining,conditional projection,2024 source variation; future scenario assumptions; not confidence intervals
medium,VA,2026,11.686,6.608,55.79,https://powering-intelligence.epri.com/dashboard/,small and large data centers plus cryptocurrency mining,conditional projection,2024 source variation; future scenario assumptions; not confidence intervals
medium,VA,2027,14.345,8.611,72.719,https://powering-intelligence.epri.com/dashboard/,small and large data centers plus cryptocurrency mining,conditional projection,2024 source variation; future scenario assumptions; not confidence intervals
medium,VA,2028,17.004,10.794,91.169,https://powering-intelligence.epri.com/dashboard/,small and large data centers plus cryptocurrency mining,conditional projection,2024 source variation; future scenario assumptions; not confidence intervals
medium,VA,2029,19.663,13.125,110.871,https://powering-intelligence.epri.com/dashboard/,small and large data centers plus cryptocurrency mining,conditional projection,2024 source variation; future scenario assumptions; not confidence intervals
medium,VA,2030,22.323,15.392,130.035,https://powering-intelligence.epri.com/dashboard/,small and large data centers plus cryptocurrency mining,conditional projection,2024 source variation; future scenario assumptions; not confidence intervals
medium,VT,2024,0.002,0,0.003,https://powering-intelligence.epri.com/dashboard/,small and large data centers plus cryptocurrency mining,historical model estimate,2024 source variation; future scenario assumptions; not confidence intervals
medium,VT,2025,0.002,0.001,0.005,https://powering-intelligence.epri.com/dashboard/,small and large data centers plus cryptocurrency mining,conditional projection,2024 source variation; future scenario assumptions; not confidence intervals
medium,VT,2026,0.002,0.001,0.008,https://powering-intelligence.epri.com/dashboard/,small and large data centers plus cryptocurrency mining,conditional projection,2024 source variation; future scenario assumptions; not confidence intervals
medium,VT,2027,0.002,0.001,0.01,https://powering-intelligence.epri.com/dashboard/,small and large data centers plus cryptocurrency mining,conditional projection,2024 source variation; future scenario assumptions; not confidence intervals
medium,VT,2028,0.002,0.002,0.013,https://powering-intelligence.epri.com/dashboard/,small and large data centers plus cryptocurrency mining,conditional projection,2024 source variation; future scenario assumptions; not confidence intervals
medium,VT,2029,0.002,0.002,0.013,https://powering-intelligence.epri.com/dashboard/,small and large data centers plus cryptocurrency mining,conditional projection,2024 source variation; future scenario assumptions; not confidence intervals
medium,VT,2030,0.002,0.002,0.013,https://powering-intelligence.epri.com/dashboard/,small and large data centers plus cryptocurrency mining,conditional projection,2024 source variation; future scenario assumptions; not confidence intervals
medium,WA,2024,1.163,0.753,6.342,https://powering-intelligence.epri.com/dashboard/,small and large data centers plus cryptocurrency mining,historical model estimate,2024 source variation; future scenario assumptions; not confidence intervals
medium,WA,2025,1.185,0.848,7.144,https://powering-intelligence.epri.com/dashboard/,small and large data centers plus cryptocurrency mining,conditional projection,2024 source variation; future scenario assumptions; not confidence intervals
medium,WA,2026,1.208,0.947,7.975,https://powering-intelligence.epri.com/dashboard/,small and large data centers plus cryptocurrency mining,conditional projection,2024 source variation; future scenario assumptions; not confidence intervals
medium,WA,2027,1.23,1.048,8.835,https://powering-intelligence.epri.com/dashboard/,small and large data centers plus cryptocurrency mining,conditional projection,2024 source variation; future scenario assumptions; not confidence intervals
medium,WA,2028,1.253,1.087,9.159,https://powering-intelligence.epri.com/dashboard/,small and large data centers plus cryptocurrency mining,conditional projection,2024 source variation; future scenario assumptions; not confidence intervals
medium,WA,2029,1.275,1.104,9.305,https://powering-intelligence.epri.com/dashboard/,small and large data centers plus cryptocurrency mining,conditional projection,2024 source variation; future scenario assumptions; not confidence intervals
medium,WA,2030,1.298,1.122,9.452,https://powering-intelligence.epri.com/dashboard/,small and large data centers plus cryptocurrency mining,conditional projection,2024 source variation; future scenario assumptions; not confidence intervals
medium,WI,2024,0.083,0.027,0.228,https://powering-intelligence.epri.com/dashboard/,small and large data centers plus cryptocurrency mining,historical model estimate,2024 source variation; future scenario assumptions; not confidence intervals
medium,WI,2025,0.137,0.052,0.437,https://powering-intelligence.epri.com/dashboard/,small and large data centers plus cryptocurrency mining,conditional projection,2024 source variation; future scenario assumptions; not confidence intervals
medium,WI,2026,0.192,0.086,0.725,https://powering-intelligence.epri.com/dashboard/,small and large data centers plus cryptocurrency mining,conditional projection,2024 source variation; future scenario assumptions; not confidence intervals
medium,WI,2027,0.246,0.13,1.093,https://powering-intelligence.epri.com/dashboard/,small and large data centers plus cryptocurrency mining,conditional projection,2024 source variation; future scenario assumptions; not confidence intervals
medium,WI,2028,0.3,0.181,1.527,https://powering-intelligence.epri.com/dashboard/,small and large data centers plus cryptocurrency mining,conditional projection,2024 source variation; future scenario assumptions; not confidence intervals
medium,WI,2029,0.354,0.228,1.927,https://powering-intelligence.epri.com/dashboard/,small and large data centers plus cryptocurrency mining,conditional projection,2024 source variation; future scenario assumptions; not confidence intervals
medium,WI,2030,0.409,0.274,2.312,https://powering-intelligence.epri.com/dashboard/,small and large data centers plus cryptocurrency mining,conditional projection,2024 source variation; future scenario assumptions; not confidence intervals
medium,WV,2024,0,0,0,https://powering-intelligence.epri.com/dashboard/,small and large data centers plus cryptocurrency mining,historical model estimate,2024 source variation; future scenario assumptions; not confidence intervals
medium,WV,2025,0,0,0,https://powering-intelligence.epri.com/dashboard/,small and large data centers plus cryptocurrency mining,conditional projection,2024 source variation; future scenario assumptions; not confidence intervals
medium,WV,2026,0,0,0,https://powering-intelligence.epri.com/dashboard/,small and large data centers plus cryptocurrency mining,conditional projection,2024 source variation; future scenario assumptions; not confidence intervals
medium,WV,2027,0,0,0,https://powering-intelligence.epri.com/dashboard/,small and large data centers plus cryptocurrency mining,conditional projection,2024 source variation; future scenario assumptions; not confidence intervals
medium,WV,2028,0,0,0,https://powering-intelligence.epri.com/dashboard/,small and large data centers plus cryptocurrency mining,conditional projection,2024 source variation; future scenario assumptions; not confidence intervals
medium,WV,2029,0,0,0,https://powering-intelligence.epri.com/dashboard/,small and large data centers plus cryptocurrency mining,conditional projection,2024 source variation; future scenario assumptions; not confidence intervals
medium,WV,2030,0,0,0,https://powering-intelligence.epri.com/dashboard/,small and large data centers plus cryptocurrency mining,conditional projection,2024 source variation; future scenario assumptions; not confidence intervals
medium,WY,2024,0.341,0.19,1.608,https://powering-intelligence.epri.com/dashboard/,small and large data centers plus cryptocurrency mining,historical model estimate,2024 source variation; future scenario assumptions; not confidence intervals
medium,WY,2025,0.413,0.226,1.915,https://powering-intelligence.epri.com/dashboard/,small and large data centers plus cryptocurrency mining,conditional projection,2024 source variation; future scenario assumptions; not confidence intervals
medium,WY,2026,0.485,0.274,2.315,https://powering-intelligence.epri.com/dashboard/,small and large data centers plus cryptocurrency mining,conditional projection,2024 source variation; future scenario assumptions; not confidence intervals
medium,WY,2027,0.557,0.332,2.81,https://powering-intelligence.epri.com/dashboard/,small and large data centers plus cryptocurrency mining,conditional projection,2024 source variation; future scenario assumptions; not confidence intervals
medium,WY,2028,0.629,0.402,3.4,https://powering-intelligence.epri.com/dashboard/,small and large data centers plus cryptocurrency mining,conditional projection,2024 source variation; future scenario assumptions; not confidence intervals
medium,WY,2029,0.701,0.461,3.896,https://powering-intelligence.epri.com/dashboard/,small and large data centers plus cryptocurrency mining,conditional projection,2024 source variation; future scenario assumptions; not confidence intervals
medium,WY,2030,0.773,0.517,4.372,https://powering-intelligence.epri.com/dashboard/,small and large data centers plus cryptocurrency mining,conditional projection,2024 source variation; future scenario assumptions; not confidence intervals
high,AK,2024,0,0,0,https://powering-intelligence.epri.com/dashboard/,small and large data centers plus cryptocurrency mining,historical model estimate,2024 source variation; future scenario assumptions; not confidence intervals
high,AK,2025,0,0,0,https://powering-intelligence.epri.com/dashboard/,small and large data centers plus cryptocurrency mining,conditional projection,2024 source variation; future scenario assumptions; not confidence intervals
high,AK,2026,0,0,0.001,https://powering-intelligence.epri.com/dashboard/,small and large data centers plus cryptocurrency mining,conditional projection,2024 source variation; future scenario assumptions; not confidence intervals
high,AK,2027,0,0,0.001,https://powering-intelligence.epri.com/dashboard/,small and large data centers plus cryptocurrency mining,conditional projection,2024 source variation; future scenario assumptions; not confidence intervals
high,AK,2028,0,0,0.001,https://powering-intelligence.epri.com/dashboard/,small and large data centers plus cryptocurrency mining,conditional projection,2024 source variation; future scenario assumptions; not confidence intervals
high,AK,2029,0,0,0.001,https://powering-intelligence.epri.com/dashboard/,small and large data centers plus cryptocurrency mining,conditional projection,2024 source variation; future scenario assumptions; not confidence intervals
high,AK,2030,0,0,0.001,https://powering-intelligence.epri.com/dashboard/,small and large data centers plus cryptocurrency mining,conditional projection,2024 source variation; future scenario assumptions; not confidence intervals
high,AL,2024,0.39,0.208,1.757,https://powering-intelligence.epri.com/dashboard/,small and large data centers plus cryptocurrency mining,historical model estimate,2024 source variation; future scenario assumptions; not confidence intervals
high,AL,2025,0.489,0.273,2.306,https://powering-intelligence.epri.com/dashboard/,small and large data centers plus cryptocurrency mining,conditional projection,2024 source variation; future scenario assumptions; not confidence intervals
high,AL,2026,0.587,0.358,3.019,https://powering-intelligence.epri.com/dashboard/,small and large data centers plus cryptocurrency mining,conditional projection,2024 source variation; future scenario assumptions; not confidence intervals
high,AL,2027,0.685,0.462,3.888,https://powering-intelligence.epri.com/dashboard/,small and large data centers plus cryptocurrency mining,conditional projection,2024 source variation; future scenario assumptions; not confidence intervals
high,AL,2028,0.784,0.583,4.906,https://powering-intelligence.epri.com/dashboard/,small and large data centers plus cryptocurrency mining,conditional projection,2024 source variation; future scenario assumptions; not confidence intervals
high,AL,2029,0.882,0.677,5.694,https://powering-intelligence.epri.com/dashboard/,small and large data centers plus cryptocurrency mining,conditional projection,2024 source variation; future scenario assumptions; not confidence intervals
high,AL,2030,0.981,0.768,6.457,https://powering-intelligence.epri.com/dashboard/,small and large data centers plus cryptocurrency mining,conditional projection,2024 source variation; future scenario assumptions; not confidence intervals
high,AR,2024,0.014,0.003,0.023,https://powering-intelligence.epri.com/dashboard/,small and large data centers plus cryptocurrency mining,historical model estimate,2024 source variation; future scenario assumptions; not confidence intervals
high,AR,2025,0.014,0.005,0.046,https://powering-intelligence.epri.com/dashboard/,small and large data centers plus cryptocurrency mining,conditional projection,2024 source variation; future scenario assumptions; not confidence intervals
high,AR,2026,0.014,0.008,0.069,https://powering-intelligence.epri.com/dashboard/,small and large data centers plus cryptocurrency mining,conditional projection,2024 source variation; future scenario assumptions; not confidence intervals
high,AR,2027,0.014,0.011,0.091,https://powering-intelligence.epri.com/dashboard/,small and large data centers plus cryptocurrency mining,conditional projection,2024 source variation; future scenario assumptions; not confidence intervals
high,AR,2028,0.014,0.013,0.114,https://powering-intelligence.epri.com/dashboard/,small and large data centers plus cryptocurrency mining,conditional projection,2024 source variation; future scenario assumptions; not confidence intervals
high,AR,2029,0.014,0.013,0.114,https://powering-intelligence.epri.com/dashboard/,small and large data centers plus cryptocurrency mining,conditional projection,2024 source variation; future scenario assumptions; not confidence intervals
high,AR,2030,0.014,0.013,0.114,https://powering-intelligence.epri.com/dashboard/,small and large data centers plus cryptocurrency mining,conditional projection,2024 source variation; future scenario assumptions; not confidence intervals
high,AZ,2024,2.072,0.916,7.726,https://powering-intelligence.epri.com/dashboard/,small and large data centers plus cryptocurrency mining,historical model estimate,2024 source variation; future scenario assumptions; not confidence intervals
high,AZ,2025,2.608,1.285,10.847,https://powering-intelligence.epri.com/dashboard/,small and large data centers plus cryptocurrency mining,conditional projection,2024 source variation; future scenario assumptions; not confidence intervals
high,AZ,2026,3.144,1.747,14.74,https://powering-intelligence.epri.com/dashboard/,small and large data centers plus cryptocurrency mining,conditional projection,2024 source variation; future scenario assumptions; not confidence intervals
high,AZ,2027,3.68,2.298,19.394,https://powering-intelligence.epri.com/dashboard/,small and large data centers plus cryptocurrency mining,conditional projection,2024 source variation; future scenario assumptions; not confidence intervals
high,AZ,2028,4.216,2.921,24.653,https://powering-intelligence.epri.com/dashboard/,small and large data centers plus cryptocurrency mining,conditional projection,2024 source variation; future scenario assumptions; not confidence intervals
high,AZ,2029,4.752,3.379,28.529,https://powering-intelligence.epri.com/dashboard/,small and large data centers plus cryptocurrency mining,conditional projection,2024 source variation; future scenario assumptions; not confidence intervals
high,AZ,2030,5.288,3.821,32.263,https://powering-intelligence.epri.com/dashboard/,small and large data centers plus cryptocurrency mining,conditional projection,2024 source variation; future scenario assumptions; not confidence intervals
high,CA,2024,1.712,1.104,9.357,https://powering-intelligence.epri.com/dashboard/,small and large data centers plus cryptocurrency mining,historical model estimate,2024 source variation; future scenario assumptions; not confidence intervals
high,CA,2025,1.964,1.252,10.614,https://powering-intelligence.epri.com/dashboard/,small and large data centers plus cryptocurrency mining,conditional projection,2024 source variation; future scenario assumptions; not confidence intervals
high,CA,2026,2.216,1.444,12.241,https://powering-intelligence.epri.com/dashboard/,small and large data centers plus cryptocurrency mining,conditional projection,2024 source variation; future scenario assumptions; not confidence intervals
high,CA,2027,2.469,1.679,14.227,https://powering-intelligence.epri.com/dashboard/,small and large data centers plus cryptocurrency mining,conditional projection,2024 source variation; future scenario assumptions; not confidence intervals
high,CA,2028,2.721,1.925,16.308,https://powering-intelligence.epri.com/dashboard/,small and large data centers plus cryptocurrency mining,conditional projection,2024 source variation; future scenario assumptions; not confidence intervals
high,CA,2029,2.973,2.132,18.062,https://powering-intelligence.epri.com/dashboard/,small and large data centers plus cryptocurrency mining,conditional projection,2024 source variation; future scenario assumptions; not confidence intervals
high,CA,2030,3.225,2.34,19.824,https://powering-intelligence.epri.com/dashboard/,small and large data centers plus cryptocurrency mining,conditional projection,2024 source variation; future scenario assumptions; not confidence intervals
high,CO,2024,0.313,0.243,2.046,https://powering-intelligence.epri.com/dashboard/,small and large data centers plus cryptocurrency mining,historical model estimate,2024 source variation; future scenario assumptions; not confidence intervals
high,CO,2025,0.345,0.261,2.204,https://powering-intelligence.epri.com/dashboard/,small and large data centers plus cryptocurrency mining,conditional projection,2024 source variation; future scenario assumptions; not confidence intervals
high,CO,2026,0.376,0.284,2.4,https://powering-intelligence.epri.com/dashboard/,small and large data centers plus cryptocurrency mining,conditional projection,2024 source variation; future scenario assumptions; not confidence intervals
high,CO,2027,0.408,0.312,2.636,https://powering-intelligence.epri.com/dashboard/,small and large data centers plus cryptocurrency mining,conditional projection,2024 source variation; future scenario assumptions; not confidence intervals
high,CO,2028,0.439,0.343,2.895,https://powering-intelligence.epri.com/dashboard/,small and large data centers plus cryptocurrency mining,conditional projection,2024 source variation; future scenario assumptions; not confidence intervals
high,CO,2029,0.471,0.368,3.106,https://powering-intelligence.epri.com/dashboard/,small and large data centers plus cryptocurrency mining,conditional projection,2024 source variation; future scenario assumptions; not confidence intervals
high,CO,2030,0.503,0.391,3.306,https://powering-intelligence.epri.com/dashboard/,small and large data centers plus cryptocurrency mining,conditional projection,2024 source variation; future scenario assumptions; not confidence intervals
high,CT,2024,0.03,0.032,0.269,https://powering-intelligence.epri.com/dashboard/,small and large data centers plus cryptocurrency mining,historical model estimate,2024 source variation; future scenario assumptions; not confidence intervals
high,CT,2025,0.084,0.042,0.357,https://powering-intelligence.epri.com/dashboard/,small and large data centers plus cryptocurrency mining,conditional projection,2024 source variation; future scenario assumptions; not confidence intervals
high,CT,2026,0.138,0.062,0.524,https://powering-intelligence.epri.com/dashboard/,small and large data centers plus cryptocurrency mining,conditional projection,2024 source variation; future scenario assumptions; not confidence intervals
high,CT,2027,0.193,0.091,0.769,https://powering-intelligence.epri.com/dashboard/,small and large data centers plus cryptocurrency mining,conditional projection,2024 source variation; future scenario assumptions; not confidence intervals
high,CT,2028,0.247,0.129,1.093,https://powering-intelligence.epri.com/dashboard/,small and large data centers plus cryptocurrency mining,conditional projection,2024 source variation; future scenario assumptions; not confidence intervals
high,CT,2029,0.301,0.176,1.495,https://powering-intelligence.epri.com/dashboard/,small and large data centers plus cryptocurrency mining,conditional projection,2024 source variation; future scenario assumptions; not confidence intervals
high,CT,2030,0.355,0.223,1.888,https://powering-intelligence.epri.com/dashboard/,small and large data centers plus cryptocurrency mining,conditional projection,2024 source variation; future scenario assumptions; not confidence intervals
high,DE,2024,0.017,0.003,0.028,https://powering-intelligence.epri.com/dashboard/,small and large data centers plus cryptocurrency mining,historical model estimate,2024 source variation; future scenario assumptions; not confidence intervals
high,DE,2025,0.017,0.007,0.055,https://powering-intelligence.epri.com/dashboard/,small and large data centers plus cryptocurrency mining,conditional projection,2024 source variation; future scenario assumptions; not confidence intervals
high,DE,2026,0.017,0.01,0.083,https://powering-intelligence.epri.com/dashboard/,small and large data centers plus cryptocurrency mining,conditional projection,2024 source variation; future scenario assumptions; not confidence intervals
high,DE,2027,0.017,0.013,0.111,https://powering-intelligence.epri.com/dashboard/,small and large data centers plus cryptocurrency mining,conditional projection,2024 source variation; future scenario assumptions; not confidence intervals
high,DE,2028,0.017,0.016,0.139,https://powering-intelligence.epri.com/dashboard/,small and large data centers plus cryptocurrency mining,conditional projection,2024 source variation; future scenario assumptions; not confidence intervals
high,DE,2029,0.017,0.016,0.139,https://powering-intelligence.epri.com/dashboard/,small and large data centers plus cryptocurrency mining,conditional projection,2024 source variation; future scenario assumptions; not confidence intervals
high,DE,2030,0.017,0.016,0.139,https://powering-intelligence.epri.com/dashboard/,small and large data centers plus cryptocurrency mining,conditional projection,2024 source variation; future scenario assumptions; not confidence intervals
high,FL,2024,0.192,0.156,1.309,https://powering-intelligence.epri.com/dashboard/,small and large data centers plus cryptocurrency mining,historical model estimate,2024 source variation; future scenario assumptions; not confidence intervals
high,FL,2025,0.268,0.188,1.583,https://powering-intelligence.epri.com/dashboard/,small and large data centers plus cryptocurrency mining,conditional projection,2024 source variation; future scenario assumptions; not confidence intervals
high,FL,2026,0.343,0.233,1.966,https://powering-intelligence.epri.com/dashboard/,small and large data centers plus cryptocurrency mining,conditional projection,2024 source variation; future scenario assumptions; not confidence intervals
high,FL,2027,0.418,0.291,2.457,https://powering-intelligence.epri.com/dashboard/,small and large data centers plus cryptocurrency mining,conditional projection,2024 source variation; future scenario assumptions; not confidence intervals
high,FL,2028,0.493,0.35,2.958,https://powering-intelligence.epri.com/dashboard/,small and large data centers plus cryptocurrency mining,conditional projection,2024 source variation; future scenario assumptions; not confidence intervals
high,FL,2029,0.568,0.416,3.514,https://powering-intelligence.epri.com/dashboard/,small and large data centers plus cryptocurrency mining,conditional projection,2024 source variation; future scenario assumptions; not confidence intervals
high,FL,2030,0.643,0.48,4.057,https://powering-intelligence.epri.com/dashboard/,small and large data centers plus cryptocurrency mining,conditional projection,2024 source variation; future scenario assumptions; not confidence intervals
high,GA,2024,2.043,1.006,8.458,https://powering-intelligence.epri.com/dashboard/,small and large data centers plus cryptocurrency mining,historical model estimate,2024 source variation; future scenario assumptions; not confidence intervals
high,GA,2025,2.947,1.392,11.714,https://powering-intelligence.epri.com/dashboard/,small and large data centers plus cryptocurrency mining,conditional projection,2024 source variation; future scenario assumptions; not confidence intervals
high,GA,2026,3.851,1.937,16.321,https://powering-intelligence.epri.com/dashboard/,small and large data centers plus cryptocurrency mining,conditional projection,2024 source variation; future scenario assumptions; not confidence intervals
high,GA,2027,4.754,2.638,22.245,https://powering-intelligence.epri.com/dashboard/,small and large data centers plus cryptocurrency mining,conditional projection,2024 source variation; future scenario assumptions; not confidence intervals
high,GA,2028,5.658,3.419,28.843,https://powering-intelligence.epri.com/dashboard/,small and large data centers plus cryptocurrency mining,conditional projection,2024 source variation; future scenario assumptions; not confidence intervals
high,GA,2029,6.562,4.192,35.382,https://powering-intelligence.epri.com/dashboard/,small and large data centers plus cryptocurrency mining,conditional projection,2024 source variation; future scenario assumptions; not confidence intervals
high,GA,2030,7.466,4.95,41.786,https://powering-intelligence.epri.com/dashboard/,small and large data centers plus cryptocurrency mining,conditional projection,2024 source variation; future scenario assumptions; not confidence intervals
high,HI,2024,0.009,0.003,0.022,https://powering-intelligence.epri.com/dashboard/,small and large data centers plus cryptocurrency mining,historical model estimate,2024 source variation; future scenario assumptions; not confidence intervals
high,HI,2025,0.009,0.004,0.035,https://powering-intelligence.epri.com/dashboard/,small and large data centers plus cryptocurrency mining,conditional projection,2024 source variation; future scenario assumptions; not confidence intervals
high,HI,2026,0.009,0.006,0.049,https://powering-intelligence.epri.com/dashboard/,small and large data centers plus cryptocurrency mining,conditional projection,2024 source variation; future scenario assumptions; not confidence intervals
high,HI,2027,0.009,0.007,0.063,https://powering-intelligence.epri.com/dashboard/,small and large data centers plus cryptocurrency mining,conditional projection,2024 source variation; future scenario assumptions; not confidence intervals
high,HI,2028,0.01,0.009,0.077,https://powering-intelligence.epri.com/dashboard/,small and large data centers plus cryptocurrency mining,conditional projection,2024 source variation; future scenario assumptions; not confidence intervals
high,HI,2029,0.01,0.009,0.079,https://powering-intelligence.epri.com/dashboard/,small and large data centers plus cryptocurrency mining,conditional projection,2024 source variation; future scenario assumptions; not confidence intervals
high,HI,2030,0.01,0.009,0.08,https://powering-intelligence.epri.com/dashboard/,small and large data centers plus cryptocurrency mining,conditional projection,2024 source variation; future scenario assumptions; not confidence intervals
high,IA,2024,1.866,0.974,8.179,https://powering-intelligence.epri.com/dashboard/,small and large data centers plus cryptocurrency mining,historical model estimate,2024 source variation; future scenario assumptions; not confidence intervals
high,IA,2025,2.116,1.258,10.567,https://powering-intelligence.epri.com/dashboard/,small and large data centers plus cryptocurrency mining,conditional projection,2024 source variation; future scenario assumptions; not confidence intervals
high,IA,2026,2.366,1.588,13.337,https://powering-intelligence.epri.com/dashboard/,small and large data centers plus cryptocurrency mining,conditional projection,2024 source variation; future scenario assumptions; not confidence intervals
high,IA,2027,2.616,1.962,16.48,https://powering-intelligence.epri.com/dashboard/,small and large data centers plus cryptocurrency mining,conditional projection,2024 source variation; future scenario assumptions; not confidence intervals
high,IA,2028,2.866,2.355,19.785,https://powering-intelligence.epri.com/dashboard/,small and large data centers plus cryptocurrency mining,conditional projection,2024 source variation; future scenario assumptions; not confidence intervals
high,IA,2029,3.116,2.579,21.676,https://powering-intelligence.epri.com/dashboard/,small and large data centers plus cryptocurrency mining,conditional projection,2024 source variation; future scenario assumptions; not confidence intervals
high,IA,2030,3.366,2.795,23.495,https://powering-intelligence.epri.com/dashboard/,small and large data centers plus cryptocurrency mining,conditional projection,2024 source variation; future scenario assumptions; not confidence intervals
high,ID,2024,0.109,0.035,0.296,https://powering-intelligence.epri.com/dashboard/,small and large data centers plus cryptocurrency mining,historical model estimate,2024 source variation; future scenario assumptions; not confidence intervals
high,ID,2025,0.205,0.071,0.598,https://powering-intelligence.epri.com/dashboard/,small and large data centers plus cryptocurrency mining,conditional projection,2024 source variation; future scenario assumptions; not confidence intervals
high,ID,2026,0.302,0.124,1.047,https://powering-intelligence.epri.com/dashboard/,small and large data centers plus cryptocurrency mining,conditional projection,2024 source variation; future scenario assumptions; not confidence intervals
high,ID,2027,0.399,0.194,1.639,https://powering-intelligence.epri.com/dashboard/,small and large data centers plus cryptocurrency mining,conditional projection,2024 source variation; future scenario assumptions; not confidence intervals
high,ID,2028,0.496,0.281,2.372,https://powering-intelligence.epri.com/dashboard/,small and large data centers plus cryptocurrency mining,conditional projection,2024 source variation; future scenario assumptions; not confidence intervals
high,ID,2029,0.593,0.367,3.097,https://powering-intelligence.epri.com/dashboard/,small and large data centers plus cryptocurrency mining,conditional projection,2024 source variation; future scenario assumptions; not confidence intervals
high,ID,2030,0.689,0.45,3.798,https://powering-intelligence.epri.com/dashboard/,small and large data centers plus cryptocurrency mining,conditional projection,2024 source variation; future scenario assumptions; not confidence intervals
high,IL,2024,1.845,1.128,9.547,https://powering-intelligence.epri.com/dashboard/,small and large data centers plus cryptocurrency mining,historical model estimate,2024 source variation; future scenario assumptions; not confidence intervals
high,IL,2025,2.415,1.379,11.659,https://powering-intelligence.epri.com/dashboard/,small and large data centers plus cryptocurrency mining,conditional projection,2024 source variation; future scenario assumptions; not confidence intervals
high,IL,2026,2.984,1.727,14.59,https://powering-intelligence.epri.com/dashboard/,small and large data centers plus cryptocurrency mining,conditional projection,2024 source variation; future scenario assumptions; not confidence intervals
high,IL,2027,3.554,2.17,18.325,https://powering-intelligence.epri.com/dashboard/,small and large data centers plus cryptocurrency mining,conditional projection,2024 source variation; future scenario assumptions; not confidence intervals
high,IL,2028,4.124,2.69,22.711,https://powering-intelligence.epri.com/dashboard/,small and large data centers plus cryptocurrency mining,conditional projection,2024 source variation; future scenario assumptions; not confidence intervals
high,IL,2029,4.693,3.164,26.719,https://powering-intelligence.epri.com/dashboard/,small and large data centers plus cryptocurrency mining,conditional projection,2024 source variation; future scenario assumptions; not confidence intervals
high,IL,2030,5.263,3.631,30.668,https://powering-intelligence.epri.com/dashboard/,small and large data centers plus cryptocurrency mining,conditional projection,2024 source variation; future scenario assumptions; not confidence intervals
high,IN,2024,0.348,0.109,0.915,https://powering-intelligence.epri.com/dashboard/,small and large data centers plus cryptocurrency mining,historical model estimate,2024 source variation; future scenario assumptions; not confidence intervals
high,IN,2025,1.527,0.41,3.448,https://powering-intelligence.epri.com/dashboard/,small and large data centers plus cryptocurrency mining,conditional projection,2024 source variation; future scenario assumptions; not confidence intervals
high,IN,2026,2.706,0.925,7.772,https://powering-intelligence.epri.com/dashboard/,small and large data centers plus cryptocurrency mining,conditional projection,2024 source variation; future scenario assumptions; not confidence intervals
high,IN,2027,3.885,1.647,13.85,https://powering-intelligence.epri.com/dashboard/,small and large data centers plus cryptocurrency mining,conditional projection,2024 source variation; future scenario assumptions; not confidence intervals
high,IN,2028,5.065,2.549,21.445,https://powering-intelligence.epri.com/dashboard/,small and large data centers plus cryptocurrency mining,conditional projection,2024 source variation; future scenario assumptions; not confidence intervals
high,IN,2029,6.244,3.612,30.397,https://powering-intelligence.epri.com/dashboard/,small and large data centers plus cryptocurrency mining,conditional projection,2024 source variation; future scenario assumptions; not confidence intervals
high,IN,2030,7.423,4.63,38.977,https://powering-intelligence.epri.com/dashboard/,small and large data centers plus cryptocurrency mining,conditional projection,2024 source variation; future scenario assumptions; not confidence intervals
high,KS,2024,0.051,0.011,0.091,https://powering-intelligence.epri.com/dashboard/,small and large data centers plus cryptocurrency mining,historical model estimate,2024 source variation; future scenario assumptions; not confidence intervals
high,KS,2025,0.051,0.02,0.173,https://powering-intelligence.epri.com/dashboard/,small and large data centers plus cryptocurrency mining,conditional projection,2024 source variation; future scenario assumptions; not confidence intervals
high,KS,2026,0.052,0.03,0.256,https://powering-intelligence.epri.com/dashboard/,small and large data centers plus cryptocurrency mining,conditional projection,2024 source variation; future scenario assumptions; not confidence intervals
high,KS,2027,0.052,0.04,0.34,https://powering-intelligence.epri.com/dashboard/,small and large data centers plus cryptocurrency mining,conditional projection,2024 source variation; future scenario assumptions; not confidence intervals
high,KS,2028,0.053,0.05,0.424,https://powering-intelligence.epri.com/dashboard/,small and large data centers plus cryptocurrency mining,conditional projection,2024 source variation; future scenario assumptions; not confidence intervals
high,KS,2029,0.053,0.051,0.428,https://powering-intelligence.epri.com/dashboard/,small and large data centers plus cryptocurrency mining,conditional projection,2024 source variation; future scenario assumptions; not confidence intervals
high,KS,2030,0.054,0.051,0.431,https://powering-intelligence.epri.com/dashboard/,small and large data centers plus cryptocurrency mining,conditional projection,2024 source variation; future scenario assumptions; not confidence intervals
high,KY,2024,0.397,0.178,1.492,https://powering-intelligence.epri.com/dashboard/,small and large data centers plus cryptocurrency mining,historical model estimate,2024 source variation; future scenario assumptions; not confidence intervals
high,KY,2025,0.444,0.229,1.925,https://powering-intelligence.epri.com/dashboard/,small and large data centers plus cryptocurrency mining,conditional projection,2024 source variation; future scenario assumptions; not confidence intervals
high,KY,2026,0.491,0.29,2.436,https://powering-intelligence.epri.com/dashboard/,small and large data centers plus cryptocurrency mining,conditional projection,2024 source variation; future scenario assumptions; not confidence intervals
high,KY,2027,0.537,0.359,3.021,https://powering-intelligence.epri.com/dashboard/,small and large data centers plus cryptocurrency mining,conditional projection,2024 source variation; future scenario assumptions; not confidence intervals
high,KY,2028,0.584,0.432,3.627,https://powering-intelligence.epri.com/dashboard/,small and large data centers plus cryptocurrency mining,conditional projection,2024 source variation; future scenario assumptions; not confidence intervals
high,KY,2029,0.631,0.475,3.997,https://powering-intelligence.epri.com/dashboard/,small and large data centers plus cryptocurrency mining,conditional projection,2024 source variation; future scenario assumptions; not confidence intervals
high,KY,2030,0.678,0.518,4.358,https://powering-intelligence.epri.com/dashboard/,small and large data centers plus cryptocurrency mining,conditional projection,2024 source variation; future scenario assumptions; not confidence intervals
high,LA,2024,0.009,0.008,0.067,https://powering-intelligence.epri.com/dashboard/,small and large data centers plus cryptocurrency mining,historical model estimate,2024 source variation; future scenario assumptions; not confidence intervals
high,LA,2025,0.273,0.059,0.501,https://powering-intelligence.epri.com/dashboard/,small and large data centers plus cryptocurrency mining,conditional projection,2024 source variation; future scenario assumptions; not confidence intervals
high,LA,2026,0.537,0.169,1.427,https://powering-intelligence.epri.com/dashboard/,small and large data centers plus cryptocurrency mining,conditional projection,2024 source variation; future scenario assumptions; not confidence intervals
high,LA,2027,0.8,0.334,2.817,https://powering-intelligence.epri.com/dashboard/,small and large data centers plus cryptocurrency mining,conditional projection,2024 source variation; future scenario assumptions; not confidence intervals
high,LA,2028,1.064,0.551,4.641,https://powering-intelligence.epri.com/dashboard/,small and large data centers plus cryptocurrency mining,conditional projection,2024 source variation; future scenario assumptions; not confidence intervals
high,LA,2029,1.328,0.816,6.872,https://powering-intelligence.epri.com/dashboard/,small and large data centers plus cryptocurrency mining,conditional projection,2024 source variation; future scenario assumptions; not confidence intervals
high,LA,2030,1.591,1.076,9.054,https://powering-intelligence.epri.com/dashboard/,small and large data centers plus cryptocurrency mining,conditional projection,2024 source variation; future scenario assumptions; not confidence intervals
high,MA,2024,0.184,0.163,1.379,https://powering-intelligence.epri.com/dashboard/,small and large data centers plus cryptocurrency mining,historical model estimate,2024 source variation; future scenario assumptions; not confidence intervals
high,MA,2025,0.184,0.167,1.418,https://powering-intelligence.epri.com/dashboard/,small and large data centers plus cryptocurrency mining,conditional projection,2024 source variation; future scenario assumptions; not confidence intervals
high,MA,2026,0.184,0.172,1.457,https://powering-intelligence.epri.com/dashboard/,small and large data centers plus cryptocurrency mining,conditional projection,2024 source variation; future scenario assumptions; not confidence intervals
high,MA,2027,0.184,0.177,1.496,https://powering-intelligence.epri.com/dashboard/,small and large data centers plus cryptocurrency mining,conditional projection,2024 source variation; future scenario assumptions; not confidence intervals
high,MA,2028,0.184,0.181,1.536,https://powering-intelligence.epri.com/dashboard/,small and large data centers plus cryptocurrency mining,conditional projection,2024 source variation; future scenario assumptions; not confidence intervals
high,MA,2029,0.184,0.181,1.536,https://powering-intelligence.epri.com/dashboard/,small and large data centers plus cryptocurrency mining,conditional projection,2024 source variation; future scenario assumptions; not confidence intervals
high,MA,2030,0.184,0.181,1.536,https://powering-intelligence.epri.com/dashboard/,small and large data centers plus cryptocurrency mining,conditional projection,2024 source variation; future scenario assumptions; not confidence intervals
high,MD,2024,0.067,0.022,0.185,https://powering-intelligence.epri.com/dashboard/,small and large data centers plus cryptocurrency mining,historical model estimate,2024 source variation; future scenario assumptions; not confidence intervals
high,MD,2025,0.448,0.106,0.898,https://powering-intelligence.epri.com/dashboard/,small and large data centers plus cryptocurrency mining,conditional projection,2024 source variation; future scenario assumptions; not confidence intervals
high,MD,2026,0.828,0.254,2.148,https://powering-intelligence.epri.com/dashboard/,small and large data centers plus cryptocurrency mining,conditional projection,2024 source variation; future scenario assumptions; not confidence intervals
high,MD,2027,1.209,0.464,3.929,https://powering-intelligence.epri.com/dashboard/,small and large data centers plus cryptocurrency mining,conditional projection,2024 source variation; future scenario assumptions; not confidence intervals
high,MD,2028,1.589,0.736,6.234,https://powering-intelligence.epri.com/dashboard/,small and large data centers plus cryptocurrency mining,conditional projection,2024 source variation; future scenario assumptions; not confidence intervals
high,MD,2029,1.97,1.059,8.965,https://powering-intelligence.epri.com/dashboard/,small and large data centers plus cryptocurrency mining,conditional projection,2024 source variation; future scenario assumptions; not confidence intervals
high,MD,2030,2.35,1.369,11.583,https://powering-intelligence.epri.com/dashboard/,small and large data centers plus cryptocurrency mining,conditional projection,2024 source variation; future scenario assumptions; not confidence intervals
high,ME,2024,0.003,0.003,0.024,https://powering-intelligence.epri.com/dashboard/,small and large data centers plus cryptocurrency mining,historical model estimate,2024 source variation; future scenario assumptions; not confidence intervals
high,ME,2025,0.006,0.003,0.029,https://powering-intelligence.epri.com/dashboard/,small and large data centers plus cryptocurrency mining,conditional projection,2024 source variation; future scenario assumptions; not confidence intervals
high,ME,2026,0.009,0.005,0.039,https://powering-intelligence.epri.com/dashboard/,small and large data centers plus cryptocurrency mining,conditional projection,2024 source variation; future scenario assumptions; not confidence intervals
high,ME,2027,0.012,0.006,0.052,https://powering-intelligence.epri.com/dashboard/,small and large data centers plus cryptocurrency mining,conditional projection,2024 source variation; future scenario assumptions; not confidence intervals
high,ME,2028,0.015,0.008,0.07,https://powering-intelligence.epri.com/dashboard/,small and large data centers plus cryptocurrency mining,conditional projection,2024 source variation; future scenario assumptions; not confidence intervals
high,ME,2029,0.018,0.011,0.092,https://powering-intelligence.epri.com/dashboard/,small and large data centers plus cryptocurrency mining,conditional projection,2024 source variation; future scenario assumptions; not confidence intervals
high,ME,2030,0.021,0.013,0.114,https://powering-intelligence.epri.com/dashboard/,small and large data centers plus cryptocurrency mining,conditional projection,2024 source variation; future scenario assumptions; not confidence intervals
high,MI,2024,0.103,0.043,0.364,https://powering-intelligence.epri.com/dashboard/,small and large data centers plus cryptocurrency mining,historical model estimate,2024 source variation; future scenario assumptions; not confidence intervals
high,MI,2025,0.121,0.062,0.528,https://powering-intelligence.epri.com/dashboard/,small and large data centers plus cryptocurrency mining,conditional projection,2024 source variation; future scenario assumptions; not confidence intervals
high,MI,2026,0.14,0.085,0.718,https://powering-intelligence.epri.com/dashboard/,small and large data centers plus cryptocurrency mining,conditional projection,2024 source variation; future scenario assumptions; not confidence intervals
high,MI,2027,0.158,0.11,0.935,https://powering-intelligence.epri.com/dashboard/,small and large data centers plus cryptocurrency mining,conditional projection,2024 source variation; future scenario assumptions; not confidence intervals
high,MI,2028,0.177,0.132,1.115,https://powering-intelligence.epri.com/dashboard/,small and large data centers plus cryptocurrency mining,conditional projection,2024 source variation; future scenario assumptions; not confidence intervals
high,MI,2029,0.195,0.148,1.252,https://powering-intelligence.epri.com/dashboard/,small and large data centers plus cryptocurrency mining,conditional projection,2024 source variation; future scenario assumptions; not confidence intervals
high,MI,2030,0.214,0.164,1.386,https://powering-intelligence.epri.com/dashboard/,small and large data centers plus cryptocurrency mining,conditional projection,2024 source variation; future scenario assumptions; not confidence intervals
high,MN,2024,0.125,0.077,0.649,https://powering-intelligence.epri.com/dashboard/,small and large data centers plus cryptocurrency mining,historical model estimate,2024 source variation; future scenario assumptions; not confidence intervals
high,MN,2025,0.276,0.126,1.07,https://powering-intelligence.epri.com/dashboard/,small and large data centers plus cryptocurrency mining,conditional projection,2024 source variation; future scenario assumptions; not confidence intervals
high,MN,2026,0.428,0.206,1.739,https://powering-intelligence.epri.com/dashboard/,small and large data centers plus cryptocurrency mining,conditional projection,2024 source variation; future scenario assumptions; not confidence intervals
high,MN,2027,0.579,0.313,2.649,https://powering-intelligence.epri.com/dashboard/,small and large data centers plus cryptocurrency mining,conditional projection,2024 source variation; future scenario assumptions; not confidence intervals
high,MN,2028,0.73,0.447,3.776,https://powering-intelligence.epri.com/dashboard/,small and large data centers plus cryptocurrency mining,conditional projection,2024 source variation; future scenario assumptions; not confidence intervals
high,MN,2029,0.882,0.595,5.018,https://powering-intelligence.epri.com/dashboard/,small and large data centers plus cryptocurrency mining,conditional projection,2024 source variation; future scenario assumptions; not confidence intervals
high,MN,2030,1.033,0.733,6.181,https://powering-intelligence.epri.com/dashboard/,small and large data centers plus cryptocurrency mining,conditional projection,2024 source variation; future scenario assumptions; not confidence intervals
high,MO,2024,0.243,0.159,1.337,https://powering-intelligence.epri.com/dashboard/,small and large data centers plus cryptocurrency mining,historical model estimate,2024 source variation; future scenario assumptions; not confidence intervals
high,MO,2025,0.329,0.198,1.663,https://powering-intelligence.epri.com/dashboard/,small and large data centers plus cryptocurrency mining,conditional projection,2024 source variation; future scenario assumptions; not confidence intervals
high,MO,2026,0.414,0.251,2.113,https://powering-intelligence.epri.com/dashboard/,small and large data centers plus cryptocurrency mining,conditional projection,2024 source variation; future scenario assumptions; not confidence intervals
high,MO,2027,0.5,0.319,2.687,https://powering-intelligence.epri.com/dashboard/,small and large data centers plus cryptocurrency mining,conditional projection,2024 source variation; future scenario assumptions; not confidence intervals
high,MO,2028,0.585,0.402,3.384,https://powering-intelligence.epri.com/dashboard/,small and large data centers plus cryptocurrency mining,conditional projection,2024 source variation; future scenario assumptions; not confidence intervals
high,MO,2029,0.671,0.477,4.018,https://powering-intelligence.epri.com/dashboard/,small and large data centers plus cryptocurrency mining,conditional projection,2024 source variation; future scenario assumptions; not confidence intervals
high,MO,2030,0.756,0.551,4.636,https://powering-intelligence.epri.com/dashboard/,small and large data centers plus cryptocurrency mining,conditional projection,2024 source variation; future scenario assumptions; not confidence intervals
high,MS,2024,0.061,0.012,0.1,https://powering-intelligence.epri.com/dashboard/,small and large data centers plus cryptocurrency mining,historical model estimate,2024 source variation; future scenario assumptions; not confidence intervals
high,MS,2025,0.346,0.077,0.65,https://powering-intelligence.epri.com/dashboard/,small and large data centers plus cryptocurrency mining,conditional projection,2024 source variation; future scenario assumptions; not confidence intervals
high,MS,2026,0.631,0.196,1.645,https://powering-intelligence.epri.com/dashboard/,small and large data centers plus cryptocurrency mining,conditional projection,2024 source variation; future scenario assumptions; not confidence intervals
high,MS,2027,0.916,0.366,3.078,https://powering-intelligence.epri.com/dashboard/,small and large data centers plus cryptocurrency mining,conditional projection,2024 source variation; future scenario assumptions; not confidence intervals
high,MS,2028,1.201,0.587,4.938,https://powering-intelligence.epri.com/dashboard/,small and large data centers plus cryptocurrency mining,conditional projection,2024 source variation; future scenario assumptions; not confidence intervals
high,MS,2029,1.486,0.846,7.115,https://powering-intelligence.epri.com/dashboard/,small and large data centers plus cryptocurrency mining,conditional projection,2024 source variation; future scenario assumptions; not confidence intervals
high,MS,2030,1.77,1.101,9.252,https://powering-intelligence.epri.com/dashboard/,small and large data centers plus cryptocurrency mining,conditional projection,2024 source variation; future scenario assumptions; not confidence intervals
high,MT,2024,0.115,0.072,0.61,https://powering-intelligence.epri.com/dashboard/,small and large data centers plus cryptocurrency mining,historical model estimate,2024 source variation; future scenario assumptions; not confidence intervals
high,MT,2025,0.115,0.081,0.681,https://powering-intelligence.epri.com/dashboard/,small and large data centers plus cryptocurrency mining,conditional projection,2024 source variation; future scenario assumptions; not confidence intervals
high,MT,2026,0.115,0.089,0.753,https://powering-intelligence.epri.com/dashboard/,small and large data centers plus cryptocurrency mining,conditional projection,2024 source variation; future scenario assumptions; not confidence intervals
high,MT,2027,0.115,0.098,0.824,https://powering-intelligence.epri.com/dashboard/,small and large data centers plus cryptocurrency mining,conditional projection,2024 source variation; future scenario assumptions; not confidence intervals
high,MT,2028,0.115,0.106,0.896,https://powering-intelligence.epri.com/dashboard/,small and large data centers plus cryptocurrency mining,conditional projection,2024 source variation; future scenario assumptions; not confidence intervals
high,MT,2029,0.115,0.106,0.896,https://powering-intelligence.epri.com/dashboard/,small and large data centers plus cryptocurrency mining,conditional projection,2024 source variation; future scenario assumptions; not confidence intervals
high,MT,2030,0.115,0.106,0.896,https://powering-intelligence.epri.com/dashboard/,small and large data centers plus cryptocurrency mining,conditional projection,2024 source variation; future scenario assumptions; not confidence intervals
high,NC,2024,0.887,0.463,3.907,https://powering-intelligence.epri.com/dashboard/,small and large data centers plus cryptocurrency mining,historical model estimate,2024 source variation; future scenario assumptions; not confidence intervals
high,NC,2025,1.161,0.588,4.955,https://powering-intelligence.epri.com/dashboard/,small and large data centers plus cryptocurrency mining,conditional projection,2024 source variation; future scenario assumptions; not confidence intervals
high,NC,2026,1.435,0.758,6.393,https://powering-intelligence.epri.com/dashboard/,small and large data centers plus cryptocurrency mining,conditional projection,2024 source variation; future scenario assumptions; not confidence intervals
high,NC,2027,1.71,0.974,8.214,https://powering-intelligence.epri.com/dashboard/,small and large data centers plus cryptocurrency mining,conditional projection,2024 source variation; future scenario assumptions; not confidence intervals
high,NC,2028,1.984,1.231,10.379,https://powering-intelligence.epri.com/dashboard/,small and large data centers plus cryptocurrency mining,conditional projection,2024 source variation; future scenario assumptions; not confidence intervals
high,NC,2029,2.259,1.465,12.362,https://powering-intelligence.epri.com/dashboard/,small and large data centers plus cryptocurrency mining,conditional projection,2024 source variation; future scenario assumptions; not confidence intervals
high,NC,2030,2.533,1.686,14.235,https://powering-intelligence.epri.com/dashboard/,small and large data centers plus cryptocurrency mining,conditional projection,2024 source variation; future scenario assumptions; not confidence intervals
high,ND,2024,0.677,0.236,1.984,https://powering-intelligence.epri.com/dashboard/,small and large data centers plus cryptocurrency mining,historical model estimate,2024 source variation; future scenario assumptions; not confidence intervals
high,ND,2025,0.7,0.334,2.81,https://powering-intelligence.epri.com/dashboard/,small and large data centers plus cryptocurrency mining,conditional projection,2024 source variation; future scenario assumptions; not confidence intervals
high,ND,2026,0.724,0.436,3.668,https://powering-intelligence.epri.com/dashboard/,small and large data centers plus cryptocurrency mining,conditional projection,2024 source variation; future scenario assumptions; not confidence intervals
high,ND,2027,0.747,0.542,4.56,https://powering-intelligence.epri.com/dashboard/,small and large data centers plus cryptocurrency mining,conditional projection,2024 source variation; future scenario assumptions; not confidence intervals
high,ND,2028,0.77,0.597,5.023,https://powering-intelligence.epri.com/dashboard/,small and large data centers plus cryptocurrency mining,conditional projection,2024 source variation; future scenario assumptions; not confidence intervals
high,ND,2029,0.794,0.616,5.185,https://powering-intelligence.epri.com/dashboard/,small and large data centers plus cryptocurrency mining,conditional projection,2024 source variation; future scenario assumptions; not confidence intervals
high,ND,2030,0.817,0.635,5.345,https://powering-intelligence.epri.com/dashboard/,small and large data centers plus cryptocurrency mining,conditional projection,2024 source variation; future scenario assumptions; not confidence intervals
high,NE,2024,1.079,0.579,4.887,https://powering-intelligence.epri.com/dashboard/,small and large data centers plus cryptocurrency mining,historical model estimate,2024 source variation; future scenario assumptions; not confidence intervals
high,NE,2025,1.157,0.741,6.248,https://powering-intelligence.epri.com/dashboard/,small and large data centers plus cryptocurrency mining,conditional projection,2024 source variation; future scenario assumptions; not confidence intervals
high,NE,2026,1.234,0.919,7.737,https://powering-intelligence.epri.com/dashboard/,small and large data centers plus cryptocurrency mining,conditional projection,2024 source variation; future scenario assumptions; not confidence intervals
high,NE,2027,1.311,1.111,9.35,https://powering-intelligence.epri.com/dashboard/,small and large data centers plus cryptocurrency mining,conditional projection,2024 source variation; future scenario assumptions; not confidence intervals
high,NE,2028,1.389,1.226,10.316,https://powering-intelligence.epri.com/dashboard/,small and large data centers plus cryptocurrency mining,conditional projection,2024 source variation; future scenario assumptions; not confidence intervals
high,NE,2029,1.466,1.299,10.935,https://powering-intelligence.epri.com/dashboard/,small and large data centers plus cryptocurrency mining,conditional projection,2024 source variation; future scenario assumptions; not confidence intervals
high,NE,2030,1.543,1.371,11.535,https://powering-intelligence.epri.com/dashboard/,small and large data centers plus cryptocurrency mining,conditional projection,2024 source variation; future scenario assumptions; not confidence intervals
high,NH,2024,0.004,0.002,0.02,https://powering-intelligence.epri.com/dashboard/,small and large data centers plus cryptocurrency mining,historical model estimate,2024 source variation; future scenario assumptions; not confidence intervals
high,NH,2025,0.004,0.003,0.023,https://powering-intelligence.epri.com/dashboard/,small and large data centers plus cryptocurrency mining,conditional projection,2024 source variation; future scenario assumptions; not confidence intervals
high,NH,2026,0.004,0.003,0.027,https://powering-intelligence.epri.com/dashboard/,small and large data centers plus cryptocurrency mining,conditional projection,2024 source variation; future scenario assumptions; not confidence intervals
high,NH,2027,0.004,0.004,0.03,https://powering-intelligence.epri.com/dashboard/,small and large data centers plus cryptocurrency mining,conditional projection,2024 source variation; future scenario assumptions; not confidence intervals
high,NH,2028,0.004,0.004,0.033,https://powering-intelligence.epri.com/dashboard/,small and large data centers plus cryptocurrency mining,conditional projection,2024 source variation; future scenario assumptions; not confidence intervals
high,NH,2029,0.004,0.004,0.033,https://powering-intelligence.epri.com/dashboard/,small and large data centers plus cryptocurrency mining,conditional projection,2024 source variation; future scenario assumptions; not confidence intervals
high,NH,2030,0.004,0.004,0.033,https://powering-intelligence.epri.com/dashboard/,small and large data centers plus cryptocurrency mining,conditional projection,2024 source variation; future scenario assumptions; not confidence intervals
high,NJ,2024,0.605,0.502,4.258,https://powering-intelligence.epri.com/dashboard/,small and large data centers plus cryptocurrency mining,historical model estimate,2024 source variation; future scenario assumptions; not confidence intervals
high,NJ,2025,0.703,0.567,4.804,https://powering-intelligence.epri.com/dashboard/,small and large data centers plus cryptocurrency mining,conditional projection,2024 source variation; future scenario assumptions; not confidence intervals
high,NJ,2026,0.8,0.652,5.528,https://powering-intelligence.epri.com/dashboard/,small and large data centers plus cryptocurrency mining,conditional projection,2024 source variation; future scenario assumptions; not confidence intervals
high,NJ,2027,0.898,0.757,6.418,https://powering-intelligence.epri.com/dashboard/,small and large data centers plus cryptocurrency mining,conditional projection,2024 source variation; future scenario assumptions; not confidence intervals
high,NJ,2028,0.995,0.847,7.177,https://powering-intelligence.epri.com/dashboard/,small and large data centers plus cryptocurrency mining,conditional projection,2024 source variation; future scenario assumptions; not confidence intervals
high,NJ,2029,1.093,0.945,8.005,https://powering-intelligence.epri.com/dashboard/,small and large data centers plus cryptocurrency mining,conditional projection,2024 source variation; future scenario assumptions; not confidence intervals
high,NJ,2030,1.19,1.035,8.769,https://powering-intelligence.epri.com/dashboard/,small and large data centers plus cryptocurrency mining,conditional projection,2024 source variation; future scenario assumptions; not confidence intervals
high,NM,2024,0.434,0.125,1.049,https://powering-intelligence.epri.com/dashboard/,small and large data centers plus cryptocurrency mining,historical model estimate,2024 source variation; future scenario assumptions; not confidence intervals
high,NM,2025,0.549,0.226,1.899,https://powering-intelligence.epri.com/dashboard/,small and large data centers plus cryptocurrency mining,conditional projection,2024 source variation; future scenario assumptions; not confidence intervals
high,NM,2026,0.664,0.346,2.914,https://powering-intelligence.epri.com/dashboard/,small and large data centers plus cryptocurrency mining,conditional projection,2024 source variation; future scenario assumptions; not confidence intervals
high,NM,2027,0.778,0.486,4.09,https://powering-intelligence.epri.com/dashboard/,small and large data centers plus cryptocurrency mining,conditional projection,2024 source variation; future scenario assumptions; not confidence intervals
high,NM,2028,0.893,0.644,5.426,https://powering-intelligence.epri.com/dashboard/,small and large data centers plus cryptocurrency mining,conditional projection,2024 source variation; future scenario assumptions; not confidence intervals
high,NM,2029,1.008,0.742,6.256,https://powering-intelligence.epri.com/dashboard/,small and large data centers plus cryptocurrency mining,conditional projection,2024 source variation; future scenario assumptions; not confidence intervals
high,NM,2030,1.123,0.836,7.051,https://powering-intelligence.epri.com/dashboard/,small and large data centers plus cryptocurrency mining,conditional projection,2024 source variation; future scenario assumptions; not confidence intervals
high,NV,2024,1.057,0.616,5.216,https://powering-intelligence.epri.com/dashboard/,small and large data centers plus cryptocurrency mining,historical model estimate,2024 source variation; future scenario assumptions; not confidence intervals
high,NV,2025,1.534,0.8,6.761,https://powering-intelligence.epri.com/dashboard/,small and large data centers plus cryptocurrency mining,conditional projection,2024 source variation; future scenario assumptions; not confidence intervals
high,NV,2026,2.012,1.065,8.997,https://powering-intelligence.epri.com/dashboard/,small and large data centers plus cryptocurrency mining,conditional projection,2024 source variation; future scenario assumptions; not confidence intervals
high,NV,2027,2.489,1.41,11.912,https://powering-intelligence.epri.com/dashboard/,small and large data centers plus cryptocurrency mining,conditional projection,2024 source variation; future scenario assumptions; not confidence intervals
high,NV,2028,2.967,1.832,15.479,https://powering-intelligence.epri.com/dashboard/,small and large data centers plus cryptocurrency mining,conditional projection,2024 source variation; future scenario assumptions; not confidence intervals
high,NV,2029,3.444,2.242,18.941,https://powering-intelligence.epri.com/dashboard/,small and large data centers plus cryptocurrency mining,conditional projection,2024 source variation; future scenario assumptions; not confidence intervals
high,NV,2030,3.922,2.634,22.258,https://powering-intelligence.epri.com/dashboard/,small and large data centers plus cryptocurrency mining,conditional projection,2024 source variation; future scenario assumptions; not confidence intervals
high,NY,2024,1.206,0.537,4.521,https://powering-intelligence.epri.com/dashboard/,small and large data centers plus cryptocurrency mining,historical model estimate,2024 source variation; future scenario assumptions; not confidence intervals
high,NY,2025,1.302,0.738,6.219,https://powering-intelligence.epri.com/dashboard/,small and large data centers plus cryptocurrency mining,conditional projection,2024 source variation; future scenario assumptions; not confidence intervals
high,NY,2026,1.398,0.959,8.077,https://powering-intelligence.epri.com/dashboard/,small and large data centers plus cryptocurrency mining,conditional projection,2024 source variation; future scenario assumptions; not confidence intervals
high,NY,2027,1.494,1.198,10.091,https://powering-intelligence.epri.com/dashboard/,small and large data centers plus cryptocurrency mining,conditional projection,2024 source variation; future scenario assumptions; not confidence intervals
high,NY,2028,1.59,1.398,11.782,https://powering-intelligence.epri.com/dashboard/,small and large data centers plus cryptocurrency mining,conditional projection,2024 source variation; future scenario assumptions; not confidence intervals
high,NY,2029,1.686,1.489,12.549,https://powering-intelligence.epri.com/dashboard/,small and large data centers plus cryptocurrency mining,conditional projection,2024 source variation; future scenario assumptions; not confidence intervals
high,NY,2030,1.782,1.578,13.296,https://powering-intelligence.epri.com/dashboard/,small and large data centers plus cryptocurrency mining,conditional projection,2024 source variation; future scenario assumptions; not confidence intervals
high,OH,2024,2.222,0.833,6.998,https://powering-intelligence.epri.com/dashboard/,small and large data centers plus cryptocurrency mining,historical model estimate,2024 source variation; future scenario assumptions; not confidence intervals
high,OH,2025,2.98,1.289,10.829,https://powering-intelligence.epri.com/dashboard/,small and large data centers plus cryptocurrency mining,conditional projection,2024 source variation; future scenario assumptions; not confidence intervals
high,OH,2026,3.738,1.88,15.801,https://powering-intelligence.epri.com/dashboard/,small and large data centers plus cryptocurrency mining,conditional projection,2024 source variation; future scenario assumptions; not confidence intervals
high,OH,2027,4.497,2.604,21.888,https://powering-intelligence.epri.com/dashboard/,small and large data centers plus cryptocurrency mining,conditional projection,2024 source variation; future scenario assumptions; not confidence intervals
high,OH,2028,5.255,3.317,27.895,https://powering-intelligence.epri.com/dashboard/,small and large data centers plus cryptocurrency mining,conditional projection,2024 source variation; future scenario assumptions; not confidence intervals
high,OH,2029,6.013,3.97,33.398,https://powering-intelligence.epri.com/dashboard/,small and large data centers plus cryptocurrency mining,conditional projection,2024 source variation; future scenario assumptions; not confidence intervals
high,OH,2030,6.772,4.616,38.849,https://powering-intelligence.epri.com/dashboard/,small and large data centers plus cryptocurrency mining,conditional projection,2024 source variation; future scenario assumptions; not confidence intervals
high,OK,2024,0.82,0.246,2.07,https://powering-intelligence.epri.com/dashboard/,small and large data centers plus cryptocurrency mining,historical model estimate,2024 source variation; future scenario assumptions; not confidence intervals
high,OK,2025,0.875,0.38,3.199,https://powering-intelligence.epri.com/dashboard/,small and large data centers plus cryptocurrency mining,conditional projection,2024 source variation; future scenario assumptions; not confidence intervals
high,OK,2026,0.93,0.524,4.408,https://powering-intelligence.epri.com/dashboard/,small and large data centers plus cryptocurrency mining,conditional projection,2024 source variation; future scenario assumptions; not confidence intervals
high,OK,2027,0.986,0.677,5.697,https://powering-intelligence.epri.com/dashboard/,small and large data centers plus cryptocurrency mining,conditional projection,2024 source variation; future scenario assumptions; not confidence intervals
high,OK,2028,1.041,0.836,7.032,https://powering-intelligence.epri.com/dashboard/,small and large data centers plus cryptocurrency mining,conditional projection,2024 source variation; future scenario assumptions; not confidence intervals
high,OK,2029,1.096,0.884,7.442,https://powering-intelligence.epri.com/dashboard/,small and large data centers plus cryptocurrency mining,conditional projection,2024 source variation; future scenario assumptions; not confidence intervals
high,OK,2030,1.151,0.931,7.841,https://powering-intelligence.epri.com/dashboard/,small and large data centers plus cryptocurrency mining,conditional projection,2024 source variation; future scenario assumptions; not confidence intervals
high,OR,2024,3.664,1.443,12.139,https://powering-intelligence.epri.com/dashboard/,small and large data centers plus cryptocurrency mining,historical model estimate,2024 source variation; future scenario assumptions; not confidence intervals
high,OR,2025,3.807,2.039,17.157,https://powering-intelligence.epri.com/dashboard/,small and large data centers plus cryptocurrency mining,conditional projection,2024 source variation; future scenario assumptions; not confidence intervals
high,OR,2026,3.95,2.658,22.372,https://powering-intelligence.epri.com/dashboard/,small and large data centers plus cryptocurrency mining,conditional projection,2024 source variation; future scenario assumptions; not confidence intervals
high,OR,2027,4.093,3.301,27.782,https://powering-intelligence.epri.com/dashboard/,small and large data centers plus cryptocurrency mining,conditional projection,2024 source variation; future scenario assumptions; not confidence intervals
high,OR,2028,4.236,3.806,32.037,https://powering-intelligence.epri.com/dashboard/,small and large data centers plus cryptocurrency mining,conditional projection,2024 source variation; future scenario assumptions; not confidence intervals
high,OR,2029,4.379,3.927,33.059,https://powering-intelligence.epri.com/dashboard/,small and large data centers plus cryptocurrency mining,conditional projection,2024 source variation; future scenario assumptions; not confidence intervals
high,OR,2030,4.522,4.041,34.026,https://powering-intelligence.epri.com/dashboard/,small and large data centers plus cryptocurrency mining,conditional projection,2024 source variation; future scenario assumptions; not confidence intervals
high,PA,2024,0.722,0.341,2.861,https://powering-intelligence.epri.com/dashboard/,small and large data centers plus cryptocurrency mining,historical model estimate,2024 source variation; future scenario assumptions; not confidence intervals
high,PA,2025,1.432,0.567,4.758,https://powering-intelligence.epri.com/dashboard/,small and large data centers plus cryptocurrency mining,conditional projection,2024 source variation; future scenario assumptions; not confidence intervals
high,PA,2026,2.141,0.936,7.863,https://powering-intelligence.epri.com/dashboard/,small and large data centers plus cryptocurrency mining,conditional projection,2024 source variation; future scenario assumptions; not confidence intervals
high,PA,2027,2.851,1.444,12.129,https://powering-intelligence.epri.com/dashboard/,small and large data centers plus cryptocurrency mining,conditional projection,2024 source variation; future scenario assumptions; not confidence intervals
high,PA,2028,3.561,2.031,17.058,https://powering-intelligence.epri.com/dashboard/,small and large data centers plus cryptocurrency mining,conditional projection,2024 source variation; future scenario assumptions; not confidence intervals
high,PA,2029,4.27,2.711,22.769,https://powering-intelligence.epri.com/dashboard/,small and large data centers plus cryptocurrency mining,conditional projection,2024 source variation; future scenario assumptions; not confidence intervals
high,PA,2030,4.98,3.376,28.35,https://powering-intelligence.epri.com/dashboard/,small and large data centers plus cryptocurrency mining,conditional projection,2024 source variation; future scenario assumptions; not confidence intervals
high,RI,2024,0.003,0.002,0.018,https://powering-intelligence.epri.com/dashboard/,small and large data centers plus cryptocurrency mining,historical model estimate,2024 source variation; future scenario assumptions; not confidence intervals
high,RI,2025,0.003,0.002,0.02,https://powering-intelligence.epri.com/dashboard/,small and large data centers plus cryptocurrency mining,conditional projection,2024 source variation; future scenario assumptions; not confidence intervals
high,RI,2026,0.003,0.003,0.021,https://powering-intelligence.epri.com/dashboard/,small and large data centers plus cryptocurrency mining,conditional projection,2024 source variation; future scenario assumptions; not confidence intervals
high,RI,2027,0.003,0.003,0.023,https://powering-intelligence.epri.com/dashboard/,small and large data centers plus cryptocurrency mining,conditional projection,2024 source variation; future scenario assumptions; not confidence intervals
high,RI,2028,0.003,0.003,0.024,https://powering-intelligence.epri.com/dashboard/,small and large data centers plus cryptocurrency mining,conditional projection,2024 source variation; future scenario assumptions; not confidence intervals
high,RI,2029,0.003,0.003,0.024,https://powering-intelligence.epri.com/dashboard/,small and large data centers plus cryptocurrency mining,conditional projection,2024 source variation; future scenario assumptions; not confidence intervals
high,RI,2030,0.003,0.003,0.024,https://powering-intelligence.epri.com/dashboard/,small and large data centers plus cryptocurrency mining,conditional projection,2024 source variation; future scenario assumptions; not confidence intervals
high,SC,2024,0.573,0.216,1.813,https://powering-intelligence.epri.com/dashboard/,small and large data centers plus cryptocurrency mining,historical model estimate,2024 source variation; future scenario assumptions; not confidence intervals
high,SC,2025,0.827,0.332,2.792,https://powering-intelligence.epri.com/dashboard/,small and large data centers plus cryptocurrency mining,conditional projection,2024 source variation; future scenario assumptions; not confidence intervals
high,SC,2026,1.081,0.492,4.145,https://powering-intelligence.epri.com/dashboard/,small and large data centers plus cryptocurrency mining,conditional projection,2024 source variation; future scenario assumptions; not confidence intervals
high,SC,2027,1.335,0.697,5.865,https://powering-intelligence.epri.com/dashboard/,small and large data centers plus cryptocurrency mining,conditional projection,2024 source variation; future scenario assumptions; not confidence intervals
high,SC,2028,1.589,0.929,7.822,https://powering-intelligence.epri.com/dashboard/,small and large data centers plus cryptocurrency mining,conditional projection,2024 source variation; future scenario assumptions; not confidence intervals
high,SC,2029,1.843,1.144,9.641,https://powering-intelligence.epri.com/dashboard/,small and large data centers plus cryptocurrency mining,conditional projection,2024 source variation; future scenario assumptions; not confidence intervals
high,SC,2030,2.097,1.359,11.452,https://powering-intelligence.epri.com/dashboard/,small and large data centers plus cryptocurrency mining,conditional projection,2024 source variation; future scenario assumptions; not confidence intervals
high,SD,2024,0.038,0.015,0.126,https://powering-intelligence.epri.com/dashboard/,small and large data centers plus cryptocurrency mining,historical model estimate,2024 source variation; future scenario assumptions; not confidence intervals
high,SD,2025,0.038,0.021,0.176,https://powering-intelligence.epri.com/dashboard/,small and large data centers plus cryptocurrency mining,conditional projection,2024 source variation; future scenario assumptions; not confidence intervals
high,SD,2026,0.038,0.027,0.225,https://powering-intelligence.epri.com/dashboard/,small and large data centers plus cryptocurrency mining,conditional projection,2024 source variation; future scenario assumptions; not confidence intervals
high,SD,2027,0.038,0.032,0.274,https://powering-intelligence.epri.com/dashboard/,small and large data centers plus cryptocurrency mining,conditional projection,2024 source variation; future scenario assumptions; not confidence intervals
high,SD,2028,0.038,0.038,0.323,https://powering-intelligence.epri.com/dashboard/,small and large data centers plus cryptocurrency mining,conditional projection,2024 source variation; future scenario assumptions; not confidence intervals
high,SD,2029,0.038,0.038,0.323,https://powering-intelligence.epri.com/dashboard/,small and large data centers plus cryptocurrency mining,conditional projection,2024 source variation; future scenario assumptions; not confidence intervals
high,SD,2030,0.038,0.038,0.323,https://powering-intelligence.epri.com/dashboard/,small and large data centers plus cryptocurrency mining,conditional projection,2024 source variation; future scenario assumptions; not confidence intervals
high,TN,2024,0.866,0.254,2.131,https://powering-intelligence.epri.com/dashboard/,small and large data centers plus cryptocurrency mining,historical model estimate,2024 source variation; future scenario assumptions; not confidence intervals
high,TN,2025,0.976,0.412,3.459,https://powering-intelligence.epri.com/dashboard/,small and large data centers plus cryptocurrency mining,conditional projection,2024 source variation; future scenario assumptions; not confidence intervals
high,TN,2026,1.086,0.592,4.97,https://powering-intelligence.epri.com/dashboard/,small and large data centers plus cryptocurrency mining,conditional projection,2024 source variation; future scenario assumptions; not confidence intervals
high,TN,2027,1.196,0.793,6.657,https://powering-intelligence.epri.com/dashboard/,small and large data centers plus cryptocurrency mining,conditional projection,2024 source variation; future scenario assumptions; not confidence intervals
high,TN,2028,1.307,0.979,8.227,https://powering-intelligence.epri.com/dashboard/,small and large data centers plus cryptocurrency mining,conditional projection,2024 source variation; future scenario assumptions; not confidence intervals
high,TN,2029,1.417,1.082,9.089,https://powering-intelligence.epri.com/dashboard/,small and large data centers plus cryptocurrency mining,conditional projection,2024 source variation; future scenario assumptions; not confidence intervals
high,TN,2030,1.527,1.184,9.942,https://powering-intelligence.epri.com/dashboard/,small and large data centers plus cryptocurrency mining,conditional projection,2024 source variation; future scenario assumptions; not confidence intervals
high,TX,2024,8.083,3.8,34.811,https://powering-intelligence.epri.com/dashboard/,small and large data centers plus cryptocurrency mining,historical model estimate,2024 source variation; future scenario assumptions; not confidence intervals
high,TX,2025,10.216,5.315,46.801,https://powering-intelligence.epri.com/dashboard/,small and large data centers plus cryptocurrency mining,conditional projection,2024 source variation; future scenario assumptions; not confidence intervals
high,TX,2026,12.349,7.232,62.191,https://powering-intelligence.epri.com/dashboard/,small and large data centers plus cryptocurrency mining,conditional projection,2024 source variation; future scenario assumptions; not confidence intervals
high,TX,2027,14.482,9.538,80.857,https://powering-intelligence.epri.com/dashboard/,small and large data centers plus cryptocurrency mining,conditional projection,2024 source variation; future scenario assumptions; not confidence intervals
high,TX,2028,16.615,11.692,99.018,https://powering-intelligence.epri.com/dashboard/,small and large data centers plus cryptocurrency mining,conditional projection,2024 source variation; future scenario assumptions; not confidence intervals
high,TX,2029,18.748,13.631,115.371,https://powering-intelligence.epri.com/dashboard/,small and large data centers plus cryptocurrency mining,conditional projection,2024 source variation; future scenario assumptions; not confidence intervals
high,TX,2030,20.881,15.5,131.149,https://powering-intelligence.epri.com/dashboard/,small and large data centers plus cryptocurrency mining,conditional projection,2024 source variation; future scenario assumptions; not confidence intervals
high,US,2024,44.472,22.391,191.591,https://powering-intelligence.epri.com/dashboard/,small and large data centers plus cryptocurrency mining,historical model estimate,2024 source variation; future scenario assumptions; not confidence intervals
high,US,2025,59.143,30.421,258.488,https://powering-intelligence.epri.com/dashboard/,small and large data centers plus cryptocurrency mining,conditional projection,2024 source variation; future scenario assumptions; not confidence intervals
high,US,2026,73.814,41.116,347.879,https://powering-intelligence.epri.com/dashboard/,small and large data centers plus cryptocurrency mining,conditional projection,2024 source variation; future scenario assumptions; not confidence intervals
high,US,2027,88.486,54.401,459.148,https://powering-intelligence.epri.com/dashboard/,small and large data centers plus cryptocurrency mining,conditional projection,2024 source variation; future scenario assumptions; not confidence intervals
high,US,2028,103.157,68.478,577.885,https://powering-intelligence.epri.com/dashboard/,small and large data centers plus cryptocurrency mining,conditional projection,2024 source variation; future scenario assumptions; not confidence intervals
high,US,2029,117.828,81.454,687.399,https://powering-intelligence.epri.com/dashboard/,small and large data centers plus cryptocurrency mining,conditional projection,2024 source variation; future scenario assumptions; not confidence intervals
high,US,2030,132.499,94.046,793.701,https://powering-intelligence.epri.com/dashboard/,small and large data centers plus cryptocurrency mining,conditional projection,2024 source variation; future scenario assumptions; not confidence intervals
high,UT,2024,0.619,0.412,3.468,https://powering-intelligence.epri.com/dashboard/,small and large data centers plus cryptocurrency mining,historical model estimate,2024 source variation; future scenario assumptions; not confidence intervals
high,UT,2025,0.725,0.474,3.994,https://powering-intelligence.epri.com/dashboard/,small and large data centers plus cryptocurrency mining,conditional projection,2024 source variation; future scenario assumptions; not confidence intervals
high,UT,2026,0.831,0.552,4.657,https://powering-intelligence.epri.com/dashboard/,small and large data centers plus cryptocurrency mining,conditional projection,2024 source variation; future scenario assumptions; not confidence intervals
high,UT,2027,0.937,0.647,5.459,https://powering-intelligence.epri.com/dashboard/,small and large data centers plus cryptocurrency mining,conditional projection,2024 source variation; future scenario assumptions; not confidence intervals
high,UT,2028,1.043,0.758,6.4,https://powering-intelligence.epri.com/dashboard/,small and large data centers plus cryptocurrency mining,conditional projection,2024 source variation; future scenario assumptions; not confidence intervals
high,UT,2029,1.149,0.84,7.092,https://powering-intelligence.epri.com/dashboard/,small and large data centers plus cryptocurrency mining,conditional projection,2024 source variation; future scenario assumptions; not confidence intervals
high,UT,2030,1.255,0.921,7.784,https://powering-intelligence.epri.com/dashboard/,small and large data centers plus cryptocurrency mining,conditional projection,2024 source variation; future scenario assumptions; not confidence intervals
high,VA,2024,6.817,4.101,34.606,https://powering-intelligence.epri.com/dashboard/,small and large data centers plus cryptocurrency mining,historical model estimate,2024 source variation; future scenario assumptions; not confidence intervals
high,VA,2025,10.505,5.417,45.731,https://powering-intelligence.epri.com/dashboard/,small and large data centers plus cryptocurrency mining,conditional projection,2024 source variation; future scenario assumptions; not confidence intervals
high,VA,2026,14.192,7.405,62.53,https://powering-intelligence.epri.com/dashboard/,small and large data centers plus cryptocurrency mining,conditional projection,2024 source variation; future scenario assumptions; not confidence intervals
high,VA,2027,17.88,10.043,84.822,https://powering-intelligence.epri.com/dashboard/,small and large data centers plus cryptocurrency mining,conditional projection,2024 source variation; future scenario assumptions; not confidence intervals
high,VA,2028,21.567,13.036,110.117,https://powering-intelligence.epri.com/dashboard/,small and large data centers plus cryptocurrency mining,conditional projection,2024 source variation; future scenario assumptions; not confidence intervals
high,VA,2029,25.255,16.269,137.438,https://powering-intelligence.epri.com/dashboard/,small and large data centers plus cryptocurrency mining,conditional projection,2024 source variation; future scenario assumptions; not confidence intervals
high,VA,2030,28.942,19.413,164.012,https://powering-intelligence.epri.com/dashboard/,small and large data centers plus cryptocurrency mining,conditional projection,2024 source variation; future scenario assumptions; not confidence intervals
high,VT,2024,0.002,0,0.003,https://powering-intelligence.epri.com/dashboard/,small and large data centers plus cryptocurrency mining,historical model estimate,2024 source variation; future scenario assumptions; not confidence intervals
high,VT,2025,0.002,0.001,0.006,https://powering-intelligence.epri.com/dashboard/,small and large data centers plus cryptocurrency mining,conditional projection,2024 source variation; future scenario assumptions; not confidence intervals
high,VT,2026,0.002,0.001,0.009,https://powering-intelligence.epri.com/dashboard/,small and large data centers plus cryptocurrency mining,conditional projection,2024 source variation; future scenario assumptions; not confidence intervals
high,VT,2027,0.002,0.001,0.012,https://powering-intelligence.epri.com/dashboard/,small and large data centers plus cryptocurrency mining,conditional projection,2024 source variation; future scenario assumptions; not confidence intervals
high,VT,2028,0.002,0.002,0.015,https://powering-intelligence.epri.com/dashboard/,small and large data centers plus cryptocurrency mining,conditional projection,2024 source variation; future scenario assumptions; not confidence intervals
high,VT,2029,0.002,0.002,0.015,https://powering-intelligence.epri.com/dashboard/,small and large data centers plus cryptocurrency mining,conditional projection,2024 source variation; future scenario assumptions; not confidence intervals
high,VT,2030,0.002,0.002,0.015,https://powering-intelligence.epri.com/dashboard/,small and large data centers plus cryptocurrency mining,conditional projection,2024 source variation; future scenario assumptions; not confidence intervals
high,WA,2024,1.285,0.775,6.527,https://powering-intelligence.epri.com/dashboard/,small and large data centers plus cryptocurrency mining,historical model estimate,2024 source variation; future scenario assumptions; not confidence intervals
high,WA,2025,1.315,0.893,7.524,https://powering-intelligence.epri.com/dashboard/,small and large data centers plus cryptocurrency mining,conditional projection,2024 source variation; future scenario assumptions; not confidence intervals
high,WA,2026,1.346,1.016,8.56,https://powering-intelligence.epri.com/dashboard/,small and large data centers plus cryptocurrency mining,conditional projection,2024 source variation; future scenario assumptions; not confidence intervals
high,WA,2027,1.376,1.144,9.637,https://powering-intelligence.epri.com/dashboard/,small and large data centers plus cryptocurrency mining,conditional projection,2024 source variation; future scenario assumptions; not confidence intervals
high,WA,2028,1.406,1.209,10.186,https://powering-intelligence.epri.com/dashboard/,small and large data centers plus cryptocurrency mining,conditional projection,2024 source variation; future scenario assumptions; not confidence intervals
high,WA,2029,1.437,1.232,10.385,https://powering-intelligence.epri.com/dashboard/,small and large data centers plus cryptocurrency mining,conditional projection,2024 source variation; future scenario assumptions; not confidence intervals
high,WA,2030,1.467,1.256,10.583,https://powering-intelligence.epri.com/dashboard/,small and large data centers plus cryptocurrency mining,conditional projection,2024 source variation; future scenario assumptions; not confidence intervals
high,WI,2024,0.115,0.034,0.283,https://powering-intelligence.epri.com/dashboard/,small and large data centers plus cryptocurrency mining,historical model estimate,2024 source variation; future scenario assumptions; not confidence intervals
high,WI,2025,0.237,0.078,0.656,https://powering-intelligence.epri.com/dashboard/,small and large data centers plus cryptocurrency mining,conditional projection,2024 source variation; future scenario assumptions; not confidence intervals
high,WI,2026,0.358,0.143,1.208,https://powering-intelligence.epri.com/dashboard/,small and large data centers plus cryptocurrency mining,conditional projection,2024 source variation; future scenario assumptions; not confidence intervals
high,WI,2027,0.479,0.229,1.936,https://powering-intelligence.epri.com/dashboard/,small and large data centers plus cryptocurrency mining,conditional projection,2024 source variation; future scenario assumptions; not confidence intervals
high,WI,2028,0.6,0.335,2.826,https://powering-intelligence.epri.com/dashboard/,small and large data centers plus cryptocurrency mining,conditional projection,2024 source variation; future scenario assumptions; not confidence intervals
high,WI,2029,0.721,0.44,3.719,https://powering-intelligence.epri.com/dashboard/,small and large data centers plus cryptocurrency mining,conditional projection,2024 source variation; future scenario assumptions; not confidence intervals
high,WI,2030,0.842,0.542,4.579,https://powering-intelligence.epri.com/dashboard/,small and large data centers plus cryptocurrency mining,conditional projection,2024 source variation; future scenario assumptions; not confidence intervals
high,WV,2024,0,0,0,https://powering-intelligence.epri.com/dashboard/,small and large data centers plus cryptocurrency mining,historical model estimate,2024 source variation; future scenario assumptions; not confidence intervals
high,WV,2025,0,0,0,https://powering-intelligence.epri.com/dashboard/,small and large data centers plus cryptocurrency mining,conditional projection,2024 source variation; future scenario assumptions; not confidence intervals
high,WV,2026,0,0,0,https://powering-intelligence.epri.com/dashboard/,small and large data centers plus cryptocurrency mining,conditional projection,2024 source variation; future scenario assumptions; not confidence intervals
high,WV,2027,0,0,0,https://powering-intelligence.epri.com/dashboard/,small and large data centers plus cryptocurrency mining,conditional projection,2024 source variation; future scenario assumptions; not confidence intervals
high,WV,2028,0,0,0,https://powering-intelligence.epri.com/dashboard/,small and large data centers plus cryptocurrency mining,conditional projection,2024 source variation; future scenario assumptions; not confidence intervals
high,WV,2029,0,0,0,https://powering-intelligence.epri.com/dashboard/,small and large data centers plus cryptocurrency mining,conditional projection,2024 source variation; future scenario assumptions; not confidence intervals
high,WV,2030,0,0,0,https://powering-intelligence.epri.com/dashboard/,small and large data centers plus cryptocurrency mining,conditional projection,2024 source variation; future scenario assumptions; not confidence intervals
high,WY,2024,0.376,0.196,1.66,https://powering-intelligence.epri.com/dashboard/,small and large data centers plus cryptocurrency mining,historical model estimate,2024 source variation; future scenario assumptions; not confidence intervals
high,WY,2025,0.496,0.248,2.097,https://powering-intelligence.epri.com/dashboard/,small and large data centers plus cryptocurrency mining,conditional projection,2024 source variation; future scenario assumptions; not confidence intervals
high,WY,2026,0.616,0.318,2.69,https://powering-intelligence.epri.com/dashboard/,small and large data centers plus cryptocurrency mining,conditional projection,2024 source variation; future scenario assumptions; not confidence intervals
high,WY,2027,0.736,0.407,3.441,https://powering-intelligence.epri.com/dashboard/,small and large data centers plus cryptocurrency mining,conditional projection,2024 source variation; future scenario assumptions; not confidence intervals
high,WY,2028,0.856,0.515,4.35,https://powering-intelligence.epri.com/dashboard/,small and large data centers plus cryptocurrency mining,conditional projection,2024 source variation; future scenario assumptions; not confidence intervals
high,WY,2029,0.976,0.612,5.177,https://powering-intelligence.epri.com/dashboard/,small and large data centers plus cryptocurrency mining,conditional projection,2024 source variation; future scenario assumptions; not confidence intervals
high,WY,2030,1.096,0.706,5.968,https://powering-intelligence.epri.com/dashboard/,small and large data centers plus cryptocurrency mining,conditional projection,2024 source variation; future scenario assumptions; not confidence intervals
